entrez_id,symbol,CRISPR_depCL_frac,CRISPR_strong_depCL_count,RNAi_depCL_frac,RNAi_strong_depCL_count,CRISPR_min_gene_effect,CRISPR_min_gene_effect_zscore,RNAi_min_gene_effect,RNAi_min_gene_effect_zscore,CRISPR_Mean,CRISPR_Variance,CRISPR_Skewness,RNAi_Mean,RNAi_Variance,RNAi_Skewness,CRISPR_PanDependency,RNAi_PanDependency,CRISPR_LRT,RNAi_LRT,CRISPR_Predictive_Accuracy,RNAi_Predictive_Accuracy
1,A1BG ,0.0008583690987124,0.0,0.0036563071297989,0.0,-0.6202607531688047,-6.003193273617041,-0.6913099330320001,-3.5383019052290168,-0.0442689151115143,0.0092059371866568,-0.481655999986326,-0.0382436909641739,0.0340662788877336,0.1899229356431656,False,False,101.743229042911,26.5610674793783,0.1898473863883804,0.2052692742329198
29974,A1CF ,0.0017167381974248,0.0,0.0154929577464788,2.0,-0.8229060962753401,-6.529488519170069,-1.259464203,-5.480170025650601,-0.0321887453773412,0.0146650724298317,-0.3241258030199815,-0.0816665787832854,0.0461905657942437,-1.1789820987878117,False,False,119.575593308151,160.419059298208,0.1756617453337388,0.1629093744561233
2,A2M ,0.0,0.0,0.0054844606946983,0.0,-0.3969804174089865,-4.525827125811549,-0.7690660758329999,-4.008103465392387,0.0111016141325497,0.0081301586981944,0.0937793451533754,-0.0890516614548356,0.0287844800806674,-0.1362980824954017,False,False,76.5205953644927,19.3625580647019,0.1460316242249621,0.1497269012992389
144568,A2ML1 ,0.0,0.0,0.0036563071297989,1.0,-0.2721236810160382,-3.344182533059071,-0.8020740422139999,-4.097604447906639,0.0901156135404206,0.0117330567276772,0.2907888541618333,0.1781141210418111,0.0572214478332403,-0.0346268799033824,False,False,44.5965076387074,14.1055790263867,0.1664143211461289,0.3788249097533822
127550,A3GALT2 ,0.0042918454935622,0.0,,,-0.7366445758472704,-5.612293440802265,,,-0.0782021257980207,0.0137643245428037,-0.6389097381153426,,,,False,,89.506917329905,,0.1414060912582959,
53947,A4GALT ,0.0017167381974248,0.0,0.0,0.0,-0.5056119935117871,-4.378314774098963,-0.6909686922920001,-4.337343122542439,-0.0632628691418415,0.0102074293083107,0.0276976226011782,0.0457488599492249,0.0288505750453845,-0.2645866287855479,False,False,65.5900762141152,24.5826774262417,0.1806019341175011,0.4328961092982004
51146,A4GNT ,0.0,0.0,0.0,0.0,-0.4691274823645985,-4.747818828215963,-0.433404026657,-3.425099252223605,0.0402932703182534,0.0115123766412913,-0.0684771988654539,-0.0060329624604776,0.01556911428547,-0.2370233036889124,False,False,98.467252801451,10.7278157321286,0.1556508770455931,0.1622279043022437
8086,AAAS ,0.2068669527896995,12.0,0.0266666666666666,1.0,-1.0867790862001732,-4.168024751634909,-1.09796002395,-4.883707701273805,-0.3130005189391333,0.0344645659686599,-0.4824304625599795,-0.1718668753167033,0.0359591996498789,-0.6112038487384356,False,False,64.5696815384216,39.3421031369726,0.1734497369729277,0.2082353703958468
65985,AACS ,0.0025751072961373,1.0,0.0036563071297989,0.0,-0.8273308982907301,-6.672816965252436,-0.684698379104,-3.68840037071728,0.0045741245993045,0.0155427931859838,0.3211645186444541,0.0173437953085549,0.0362284948628439,-0.5095303470061842,False,False,260.541451819682,21.6447674856834,0.3345593224443043,0.2795050370668562
13,AADAC ,0.0,0.0,0.0127970749542961,1.0,-0.3745331283020571,-4.184702482308616,-0.899253717789,-3.3749670802791885,0.08368538528647,0.0119899146377354,0.3428209624189476,-0.0381720653863605,0.0650952934309044,0.0444008498731458,False,False,112.260730446923,2.94393489618589,0.1007905017257718,0.2537425655739966
344752,AADACL2 ,0.0,0.0,0.0035087719298245,0.0,-0.5553977715694587,-4.920101549989096,-1.08054597288,-4.847808809766551,0.0088465983772612,0.0131518345101054,0.5346914389589716,-0.1153175220806434,0.0396432509794953,-0.2605649117213664,False,False,168.889301770349,6.69562427654799,0.3033810630679101,0.1211629499983053
126767,AADACL3 ,0.0,0.0,,,-0.36371935888342,-3.834987851481346,,,0.0509236814682549,0.0116901686205379,0.4665719627880021,,,,False,,125.748457889784,,0.0124699560664048,
343066,AADACL4 ,0.0,0.0,0.0,0.0,-0.4496170870571456,-5.315688000450121,-0.578644550649,-3.3538184479202187,0.0479732730455514,0.008762437862065,-0.0751156444272507,0.0016885138439289,0.0299416363820846,-0.1137854583548073,False,False,122.661661610968,12.0913601038963,0.0879676461843564,0.1522128910799673
51166,AADAT ,0.0,0.0,0.0014084507042253,0.0,-0.6733403231707891,-5.957917512182445,-0.63196667724,-3.5745719339007094,-0.0503345038463702,0.0109344069823062,-0.2169856729376623,0.0824643507081731,0.0399459297012691,0.0078719611683117,False,False,75.2863631291252,12.5401234974598,0.127594175767285,0.295557800231872
79719,AAGAB ,0.0017167381974248,0.0,0.0,0.0,-0.6489084018775733,-4.888124220970667,-0.571452824763,-3.1906510540122706,0.0268066195085481,0.0191092076219254,0.7923308587268936,-0.0887523016147767,0.0228874241889722,0.0143912823780676,False,False,169.74747272291,6.99986878813081,0.4312075210535874,0.2677129534175309
22848,AAK1 ,0.0068669527896995,0.0,0.0,0.0,-0.6550379527138687,-4.86453069265067,-0.286673700137,-3.099001020582354,-0.1406722334333992,0.0111805234659225,-0.1548545214748793,0.0789059310532397,0.0139161961720481,0.3568404153023858,False,False,66.6777722088771,33.0440591325471,0.2741512813271781,0.2373792092350905
28971,AAMDC ,0.0025751072961373,1.0,0.0025906735751295,0.0,-1.3902178330793549,-13.078858932287767,-0.558698568518,-3.475236685066103,-0.0404306963822506,0.0106510116336042,-1.9607039123160763,-0.058069197547396,0.0207521871019591,0.0722628448313485,False,False,274.745029045115,19.2715442333719,0.1457565821269325,0.3737828340851105
14,AAMP ,0.975107296137339,896.0,0.3366666666666666,67.0,-2.529846562659945,-4.647421332524935,-2.02797244755,-4.996465792949328,-1.064717649463551,0.0993865427434989,-0.2224003812581042,-0.4847682748167609,0.0953939739105325,-0.7541353686881472,True,False,22.013744877824,50.3592604150554,0.3774402027134279,0.4514270681888427
15,AANAT ,0.0094420600858369,0.0,0.0,0.0,-0.7150427089178937,-5.51880015918232,-0.584571168822,-3.8636571816500593,-0.1146990741317933,0.0118334255939896,-0.2034230819423524,-0.0057630038799504,0.0224425461959434,0.132911478654492,False,False,83.2042528460038,34.1089329877661,0.1745273466239393,0.4393198816615915
25980,AAR2 ,0.007725321888412,0.0,0.0029154518950437,0.0,-0.611488267231197,-4.5895593026964425,-0.6849439523909999,-3.486414611636088,-0.0442515209649416,0.0152751942839225,-0.5344830980959001,-0.0020021717202811,0.0383715461487723,0.1604435629294027,False,False,97.0543386746544,3.97990904413732,0.2696924691252867,0.2795196648072923
441376,AARD ,0.0163090128755364,1.0,0.0,0.0,-0.7856632290618839,-5.261396609130103,-0.307799577126,-3.629999043713426,-0.1677673785597179,0.0137920389916314,0.1746055185094034,0.260057403955886,0.0244717437987638,0.0196671268784003,False,False,182.790592101743,9.35904373513745,0.2158062018886537,0.222385287079933
16,AARS1 ,1.0,1162.0,,,-3.817402961500034,-4.596378540682153,,,-2.117170754598245,0.1368311258848665,0.2847078900632876,,,,True,,32.6069622792519,,0.1814559793614256,
57505,AARS2 ,0.5399141630901287,148.0,0.0109689213893967,0.0,-1.691931523518961,-4.777851664623533,-0.6756571041949999,-3.091693085117637,-0.4948089477722537,0.062778642039662,-0.6434024345357516,-0.1004858910097693,0.0346099948348866,-0.2404419433646539,True,False,70.8760697601086,11.6904980653621,0.5346256654742811,0.1771301153288607
80755,AARSD1 ,0.0214592274678111,0.0,,,-0.7673240951716415,-4.902740528878629,,,-0.1887607381913936,0.0139259242962184,-0.1405682604847774,,,,False,,56.5093196930657,,0.1499561261902867,
132949,AASDH ,0.0008583690987124,0.0,0.0036563071297989,0.0,-1.1684434235420629,-9.378624194435572,-0.7026753888680001,-3.73649315008724,-0.0418745057034921,0.0144290341733509,-0.1978364101160346,0.0266104440373414,0.0380949294175141,0.0262422299298535,False,False,174.800851037501,10.3555454927257,0.2417343486096419,0.3003164522848139
60496,AASDHPPT ,0.392274678111588,69.0,0.0,0.0,-1.4441685767486905,-4.232607491518954,-0.4495732219659999,-3.290154424597092,-0.3848412220684689,0.0626389373705911,-0.4674571069708712,0.0984763208382279,0.0277464276177138,-0.1024439431000112,False,False,36.5866699333767,1.0682238866201,0.4453392306945463,0.2161537069006039
10157,AASS ,0.0008583690987124,0.0,0.0,0.0,-0.6213027458694613,-5.637287727163117,-0.714020685775,-4.344107464386643,0.0427030367214152,0.0138740520493938,0.7808872382672831,-0.0554884560972687,0.0229801547690433,-0.0520158675138485,False,False,301.069814019315,10.4090948028836,0.1934678247824386,0.1159448308155805
26574,AATF ,0.938197424892704,660.0,0.0746478873239436,3.0,-1.6411432673398991,-3.3292479126639174,-1.3472069351499998,-5.604114238435156,-0.8437463917865716,0.0573662930330428,0.3201577342645635,-0.2953593324553738,0.0352282997954788,-0.5013521710664748,True,False,66.0336631817692,35.6309618990942,0.3479888991577315,0.2313038170574576
9625,AATK ,0.0283261802575107,0.0,0.0098870056497175,0.0,-0.6811158435828322,-4.118316717210399,-0.798283699729,-3.371979946460209,-0.1509254283310268,0.0165738826328141,-0.1963508469548985,-0.1711553140812323,0.034589393812731,-0.0189583860779466,False,False,85.3972433461809,11.6354541168631,0.188034678404232,0.1903037644151343
18,ABAT ,0.0008583690987124,0.0,0.0,0.0,-0.4735646436232196,-3.993065977701896,-0.706314608652,-3.829658231779796,-0.0320889663628667,0.0122236411182697,0.1796158920657671,-0.025706724790201,0.0315844933388545,0.2340010943096664,False,False,102.912292206614,15.1264653685951,0.1019297335637188,0.2020453780834559
19,ABCA1 ,0.0,0.0,0.0112676056338028,0.0,-0.449945698776754,-4.438538084006657,-0.8348929510330001,-3.444545632230015,-0.0139773611104389,0.0096478379020338,0.3101008486755184,-0.116856409663071,0.0434539447319379,0.2203007681002518,False,False,121.58116288836,43.7209436988599,0.1664328301763109,0.3258463117237681
10349,ABCA10 ,0.0008583690987124,0.0,0.0,0.0,-0.6101350188637485,-5.0950222959798666,-0.707957968202,-3.4598991472997382,0.0001846216662262,0.0143490290396886,-0.0215063656973479,-0.1385950226306106,0.0270801783211359,0.0908724343717082,False,False,77.3662753300566,11.387825062753,0.0829725025806592,0.207796373944035
26154,ABCA12 ,0.0,0.0,0.0,0.0,-0.541088368628013,-4.2087260846081564,-0.727752594284,-3.6899114016605705,-0.0072920989835526,0.0160860622766804,0.1876763647457186,-0.0741687413396451,0.0313740620804817,0.04758584995735,False,False,108.007347425617,5.67042167840867,0.1488630496944797,0.2091488958593454
154664,ABCA13 ,0.0017167381974248,0.0,0.0,0.0,-0.6496679960217475,-6.808323733676577,-0.581673967335,-4.101174903807547,-0.0193366098576298,0.0085715126182998,-0.4925116850763383,0.0882077867551806,0.0266796246576525,-0.2090261580175321,False,False,87.4377983832928,42.2743947709436,0.1309035550389479,0.2889882360240476
20,ABCA2 ,0.0025751072961373,0.0,0.0,0.0,-0.7098588718650838,-6.669007355045818,-0.5593288525819999,-4.108244292127576,-0.014575511897353,0.010869292561648,-0.1891293102774621,-0.0095912186617452,0.0179059932626521,0.061657785297627,False,False,85.4671321904154,21.9013303651504,0.171194107537728,0.1846337905124511
21,ABCA3 ,0.0,0.0,0.0,0.0,-0.5656884393884976,-5.127419680773151,-0.540239084231,-3.0341034791355,0.0140641940029391,0.0127846171745556,-0.0294674184405954,-0.0181587333749677,0.0296083304861794,0.1565047614760575,False,False,80.756625177836,38.0793046354951,0.1032863771351377,0.1916642622350322
24,ABCA4 ,0.0257510729613733,0.0,0.0,0.0,-0.6628745874011037,-3.526637341905469,-0.693419209544,-3.975307685393602,-0.1667457157578412,0.0197909844963385,0.3387864117954284,0.0299022744131291,0.033107107013952,0.0918169352245519,False,False,82.107859197135,26.0637099843473,0.4029528884935073,0.3065943455921439
23461,ABCA5 ,0.0017167381974248,0.0,0.0,0.0,-0.6806273532448073,-5.728744273916561,-0.570800212547,-3.9359836171066775,-0.0225034317335946,0.0131976461895816,-0.8105421084323364,0.0839651650506214,0.0276735484109924,0.1746077774616891,False,False,134.285943431319,33.2688382427801,0.2929194386931931,0.1770808353559257
23460,ABCA6 ,0.0,0.0,0.0,0.0,-0.6137212937970856,-4.766948191796561,-0.778976326304,-6.898621723661002,0.0337535265169756,0.0184486632524819,0.3751413953493638,0.0030682811376662,0.0128510433355139,-0.0559840630264242,False,False,91.1514361855725,109.847272222096,0.2203003873483445,0.147412429534436
10347,ABCA7 ,0.0008583690987124,0.0,0.0,0.0,-0.4016018108914067,-4.130039692127585,-0.650727391233,-5.209824618123886,0.0420181149763793,0.0115375511342719,-0.2348348627043091,0.0321265086962013,0.0171794549539613,-0.2217371257099251,False,False,61.6713125936894,44.6016863836952,0.0911084072682091,0.2481265002926211
10351,ABCA8 ,0.0008583690987124,0.0,0.0,0.0,-0.4470460583539317,-3.827391291818509,-0.650946454601,-5.219204071708824,-0.0270537291049201,0.0120414001339336,-0.125208916977174,0.0429349674808667,0.0176751034127595,-0.0889268797259903,False,False,48.5270782317127,30.3248365041644,0.1309062454198256,0.2246424060483848
10350,ABCA9 ,0.0,0.0,0.0,0.0,-0.6321627945032061,-5.9744580972819605,-0.471576361053,-4.1319500291669495,0.062435754848479,0.0135167009372817,0.9686818591240328,0.074943073622409,0.0174944824739084,-0.0968770148364302,False,False,228.038405381031,30.3717795102058,0.3390702369599898,0.1425464172090138
5243,ABCB1 ,0.0034334763948497,1.0,0.0014084507042253,0.0,-1.0210029875536235,-7.66804953391196,-0.7409106367199999,-6.132914485505609,-0.0960525186738348,0.0145501387389213,0.385730355234152,0.0454774533526565,0.016441446991903,0.0834906528376256,False,False,180.360843972049,62.3664974808635,0.1381714838435578,0.1512387313279148
23456,ABCB10 ,0.0283261802575107,1.0,0.0070422535211267,0.0,-0.9687831586940188,-5.291826233786067,-0.823533906591,-4.083853742215817,-0.1514219853367182,0.0238570564268486,-0.2849530130739011,-0.0722407864539475,0.0338437488620584,-0.3053313519991878,False,False,45.570593944349,44.9436840148026,0.0811413180940256,0.1122733235710978
8647,ABCB11 ,0.0,0.0,0.0028169014084507,0.0,-0.5419598198786388,-5.046752063495406,-0.7816619048800001,-4.533983706410165,-0.0165357442320938,0.010839169287524,-0.1071679466092121,-0.0679720341214141,0.0247775953304676,-0.0826173827099057,False,False,53.2636787505737,62.6607727017986,0.1288687319351404,0.1951463977572739
5244,ABCB4 ,0.0008583690987124,0.0,0.0028248587570621,0.0,-0.7342820456974909,-6.055255182509176,-0.697336603532,-3.830787586332694,-0.0345154068269084,0.0133549285091103,0.3281632361815643,-0.0924503074098496,0.0249328169322525,-0.0662993433842436,False,False,117.478618981652,34.3658742766473,0.2195131686655323,0.2137118455139798
340273,ABCB5 ,0.0060085836909871,1.0,0.0098591549295774,1.0,-1.5979000370152707,-10.887817675908586,-0.863949319182,-3.528111977332536,-0.0214874598458469,0.0209632253503913,-1.3452513230225882,-0.0297623471119199,0.0559038972096871,0.0253967303576792,False,False,312.423151858544,17.0409141192707,0.1226155668057767,0.1928295756407914
10058,ABCB6 ,0.0008583690987124,0.0,0.0,0.0,-1.0633591744533468,-10.505121701290804,-0.429348873963,-3.7767999978574633,-0.0015867926387248,0.0102155245772224,-1.2928180546504435,0.0207696345972865,0.014203839885894,0.0856282276850452,False,False,251.452032954391,28.1915496705476,0.1201350342962151,0.1662074995506883
22,ABCB7 ,0.951931330472103,876.0,0.692090395480226,216.0,-2.60310027884088,-3.524620409906947,-2.11299674741,-4.698675652252407,-1.1358829058763225,0.1732862956814006,-0.1990289074286191,-0.7356109798618496,0.0859330543797371,-0.6962767200859141,True,True,11.408059056236,47.1285109307312,0.3501057322167788,0.2849628326440308
11194,ABCB8 ,0.0,0.0,0.0,0.0,-0.5032611412593638,-5.137959355833626,-0.727422473488,-4.9295402424668175,0.0390665013147613,0.0111414612293616,-0.0727520568458356,0.0650213083304626,0.0258418791489233,-0.4051412277496524,False,False,50.4212365738003,46.5802969674537,0.1493281280476727,0.286798309972686
23457,ABCB9 ,0.0008583690987124,0.0,0.0197183098591549,0.0,-0.6614493448571608,-5.6331867479359135,-0.837903288469,-3.467456432299414,-0.0263363185440392,0.012711410463992,-0.2823852225963532,-0.2069970610421271,0.0331060679719343,-0.3465495715104703,False,False,62.0942818531778,16.1242554691394,0.2725046740258681,0.2571250253885788
4363,ABCC1 ,0.0008583690987124,0.0,0.0,0.0,-0.4696670476547853,-4.752353760432984,-0.541792519829,-4.061176333949909,0.0111988418261903,0.010238360544637,-0.1292884853120547,0.0496707713643515,0.0212105484172602,-0.0878405955046246,False,False,66.8079895044355,57.1964543805606,0.1088425574153922,0.0909690634578373
89845,ABCC10 ,0.007725321888412,0.0,0.0,0.0,-0.7812405800616293,-5.165021421107575,-0.736505926534,-5.385089073291977,-0.1376102905663863,0.0155284709488304,-0.0443581628609477,0.1352254692975908,0.0262047241709278,-0.5893579127220685,False,False,44.7741172202591,40.4912409185922,0.1481468355631504,0.2474304173824446
85320,ABCC11 ,0.0,0.0,0.0014084507042253,0.0,-0.3249528660370162,-3.563408776750583,-0.901477666502,-6.773928315511731,0.0473693753975861,0.0109170844605085,0.7455919719601066,0.0061895852374776,0.0179544514193526,-0.8988444436127331,False,False,134.714155521481,102.783890981133,0.267594431684129,0.10560611161967
94160,ABCC12 ,0.0,0.0,0.0,0.0,-0.2257261127494678,-3.2316770915561364,-0.580273151606,-3.5443691218804187,0.0324764922997611,0.0063835949121616,0.4133047263407114,-0.0422999181272867,0.0230379296390119,0.0015525482597507,False,False,65.555602954877,31.7413585316654,0.1004469698093008,0.1741996190724319
1244,ABCC2 ,0.0008583690987124,0.0,0.0,0.0,-1.279077263351535,-11.88837742484344,-0.676911565487,-4.283065479965243,-0.005326249806471,0.0114795249549673,-0.087601922868476,-0.0195731838982739,0.0235542106353381,0.160211458804002,False,False,515.913507726795,27.9219461023131,0.1457382501081229,0.1864896476989213
8714,ABCC3 ,0.0017167381974248,0.0,0.001412429378531,0.0,-0.8653880859977515,-7.037174403117575,-0.651922650625,-3.27222347096307,-0.0443733077671376,0.0136114790883174,-0.4417356151074346,-0.0196493898728579,0.0373356503210984,0.2229475059414724,False,False,158.568121651193,37.7195456118424,0.1980367887284235,0.2752399717382791
10257,ABCC4 ,0.0,0.0,0.001412429378531,0.0,-0.5662362635998778,-6.0823976238862345,-0.7384242934499999,-4.10686048789612,0.1320424029583637,0.0131797730565748,-0.3686767059926053,-0.0951430834168835,0.0245347610283535,-0.4597337957759844,False,False,145.258132726415,36.0302782627236,0.1052121451570984,0.1631921002484425
10057,ABCC5 ,0.0,0.0,0.004225352112676,0.0,-0.6023557714433306,-6.291682860993755,-0.945187922455,-5.348141160472248,0.0110062458132436,0.009503861754108,-0.1464639195932136,-0.0688572941296967,0.0268491325152536,-0.3004836174460714,False,False,76.6044235329846,39.6124357711765,0.1085566325631264,0.247167618812809
6833,ABCC8 ,0.0,0.0,0.001412429378531,0.0,-0.4346989761196867,-5.226118323309106,-0.850196792436,-5.211219507447761,0.026277208495215,0.0077803386658909,-0.1013238753886355,0.0155860817074179,0.0276019171445332,-0.2269456341265825,False,False,107.453688305036,59.4186591695068,0.2208350062699648,0.2660048119139532
10060,ABCC9 ,0.0008583690987124,0.0,0.0,0.0,-0.5661022192439724,-4.437520822921869,-0.440932188664,-3.2656331880921834,0.0114556745420734,0.0169398765067842,2.2657051400996435,0.094686644940099,0.0269015235518666,-0.0379936670951482,False,False,515.416666897395,7.51165005200846,0.5358470374498623,0.3616547364855816
215,ABCD1 ,0.0394849785407725,7.0,0.1242937853107344,11.0,-1.5366147526912952,-8.408787061844171,-1.47038507206,-4.500138144148593,-0.1639793388718255,0.0266467157499117,-2.0470928069574974,-0.2649715325652553,0.0717497577059397,-0.3139110468843972,False,False,336.078108755563,21.7732063976921,0.1388097335756536,0.1307954403168687
225,ABCD2 ,0.0,0.0,0.0014084507042253,0.0,-0.4865546535316476,-4.289409483251011,-0.792927902886,-4.698557473915813,-0.0213643659618563,0.0117615961251702,0.6970947810533615,-0.0667041804773449,0.0238897593629229,-0.324319938260932,False,False,133.683418112145,23.2535631661459,0.1819735953744679,0.2321860995317324
5825,ABCD3 ,0.0128755364806866,0.0,0.0028169014084507,0.0,-0.7478589798288483,-4.269894075168217,-1.14928506788,-6.648934462398535,-0.1154556397984563,0.0219358317846544,0.9254544639081282,0.0513112339119211,0.0326054274535907,-0.5220623141456566,False,False,195.080473014836,30.2157362744844,0.4112566993601927,0.0933895363754456
5826,ABCD4 ,0.0042918454935622,1.0,0.0,0.0,-1.3843402165807257,-10.936953856472105,-0.444591487812,-3.367342826433084,-0.0848709313916979,0.0141168980382814,-1.442825770594645,-0.0445829993990036,0.0141111935009063,-0.1129280177405938,False,False,224.859228703666,7.64929514311257,0.1562074176956739,0.2175379314627672
6059,ABCE1 ,0.9948497854077252,1157.0,0.983249581239531,524.0,-3.115894508915985,-3.445739459011864,-2.9091996751200004,-4.577589516499549,-1.892795960990332,0.1259963686963536,0.6859001977877369,-1.3346963589214906,0.1183078242918664,-0.4835250634157271,True,False,86.9858898093647,31.2888870312739,0.4233660495653399,0.4291802397638461
23,ABCF1 ,0.9914163090128756,1082.0,0.1239530988274706,7.0,-2.3475878480313868,-4.381070541414574,-0.990607908633,-3.210714060702597,-1.2253207823561376,0.0656193530658561,-0.280377810770212,-0.3473518405934976,0.040138812847274,-0.034600946403733,True,False,29.5674320012647,14.5091880065939,0.2735353497857168,0.354610773941209
55324,ABCF3 ,0.0008583690987124,0.0,0.0016750418760469,0.0,-1.23810392916791,-11.760000270822834,-0.808636540422,-4.848227576252267,0.0274414456319762,0.0115808591176576,-1.9166152492028907,-0.0560730268510631,0.02409463337226,-0.2328423194815675,False,False,253.270322353331,24.0663248335807,0.3768997311236827,0.2922620995936528
9619,ABCG1 ,0.0,0.0,0.0,0.0,-0.3453891138104006,-3.9084863385785886,-0.5681115728230001,-4.1004063699714575,-0.0103422251111518,0.0073484201966373,0.1512300934877789,-0.0061589415789629,0.0187821635990917,0.1626679326454193,False,False,71.6483068911098,48.3695292101968,0.2241662622028257,0.3806559714115483
9429,ABCG2 ,0.0008583690987124,0.0,0.0,0.0,-0.717044647234317,-7.314520416445046,-0.582623833492,-3.71869415220876,0.056224652503833,0.0111760882767037,0.2605067336414258,-0.0599466538427296,0.0197554149556241,0.1269481616409019,False,False,185.458787308833,15.4327743056456,0.1274597054032316,0.2607783708461692
64137,ABCG4 ,0.0,0.0,0.0,0.0,-0.6198278165007931,-7.002976689733306,-0.462292647174,-3.37110013332524,0.0176635624580419,0.0082867315595543,-0.0542947253408123,0.0413032253188789,0.0223162397421458,0.3748621007081746,False,False,164.129749411798,35.7206458236019,0.1718911979520797,0.115600023440815
64240,ABCG5 ,0.0008583690987124,0.0,0.0,0.0,-0.4907421836703771,-5.456546842687722,-0.6660210280759999,-4.8372868198654775,0.0327759502402653,0.0092050824651277,-0.1527779859250679,-0.0083959390680231,0.0184821746200392,0.0921467797111682,False,False,107.257260046219,66.93603921867,0.0589465799112393,0.2525991804956543
64241,ABCG8 ,0.0008583690987124,0.0,0.0,0.0,-0.4946816910306167,-5.009398071928062,-0.6479673320970001,-5.069471308939367,0.0153341404486699,0.0103656424915945,0.4317782607472124,-0.0130275147190888,0.0156869960261766,-0.5742307884527978,False,False,151.252311066201,70.196255220626,0.2126788092287722,0.2989058925772842
84696,ABHD1 ,0.0,0.0,,,-0.6086195629370129,-6.342111503897157,,,0.0170626322001249,0.0097328458829702,0.2238161760901799,,,,False,,168.004614789078,,-0.0065287820617143,
55347,ABHD10 ,0.0025751072961373,0.0,0.0127970749542961,0.0,-0.5020817868930342,-3.743020440865204,-0.8866747990170001,-3.646766544012839,0.0334204477038352,0.0204681304976073,0.168174227987994,-0.0838753653650129,0.0484616493788187,-0.1333294726775122,False,False,88.8100145935632,5.60000859099121,0.2732021253702631,0.4016232258857169
83451,ABHD11 ,0.230901287553648,30.0,0.0,0.0,-1.2768720229943482,-4.775677202897454,-0.632240967912,-3.9832932316388256,-0.3278437160186722,0.0394901155294438,-0.7460234991769671,0.127775929582726,0.0364050757863168,0.0024787274555111,False,False,104.436741986595,7.75230856985303,0.3253378312526041,0.1552612676088368
26090,ABHD12 ,0.0017167381974248,0.0,0.1882998171846435,25.0,-0.5314881612167369,-5.105738931722293,-1.29423289451,-2.9175161088138704,0.0237496692622161,0.0118260820572392,-0.1328288415399017,-0.2823746433413489,0.1202853758814716,-0.2210382086442115,False,False,62.8903800077533,4.590028668088,0.17547490169636,0.4552447151516955
145447,ABHD12B ,0.0017167381974248,0.0,0.0,0.0,-0.4819722137114651,-4.110717814144404,-0.58450105356,-4.343277049627953,0.0442806924387968,0.0163890463784222,-0.1754513268390867,-0.0080189923360685,0.0176171855721884,-0.0437679592627816,False,False,77.1980029396561,21.0358370935148,0.163956932235168,0.1989816176350098
84945,ABHD13 ,0.0034334763948497,0.0,0.0014084507042253,0.0,-0.8815836436013809,-6.309330954577383,-0.6968075831820001,-4.710154344709453,-0.105510773684521,0.015129981098684,0.0835371170854072,-0.0198337698486727,0.0206572955064172,-0.7533209694300254,False,False,174.602097974491,67.0701414053034,0.2456074147091492,0.2683325194720888
25864,ABHD14A ,0.0,0.0,0.0,0.0,-0.3329876095170069,-3.72192706571272,-0.478008694221,-3.3379264446279238,0.0297552274866986,0.0094986519284523,-0.0041094912426368,0.0907251804004485,0.0290311786305841,0.2505774908007356,False,False,24.2555881568883,16.6275017683197,0.2387809230580889,0.3253004107865335
84836,ABHD14B ,0.0017167381974248,0.0,0.0,0.0,-0.4501301201234681,-4.379033445470332,-0.5652293957810001,-4.184194452594105,0.0242683604121317,0.0117362689772453,0.2877724829431859,0.0508899802296919,0.0216823332507677,-0.2460049352770491,False,False,74.396299062684,31.3574903925763,0.2259271299561189,0.2321710451826541
116236,ABHD15 ,0.1047210300429184,2.0,0.0,0.0,-1.0041521083465883,-4.828375606378864,-0.487290653408,-2.434434400787029,-0.2510482772723504,0.0243280679126238,-0.2683157232370332,-0.0919996247912983,0.0263656063134264,0.4706485745996339,False,False,66.3108448121798,9.85407600112583,0.1407326509245793,0.2297111101611506
7920,ABHD16A ,0.0008583690987124,0.0,0.0,0.0,-0.836321957014225,-6.710187857474354,-0.584979352382,-4.070297469404686,-0.0453136696400163,0.0138960929257141,-0.8101277652275948,-0.0866352501770494,0.014990162674197,0.0074280896004241,False,False,149.144496421084,11.9877980785359,0.1900813393683258,0.0358865127628955
140701,ABHD16B ,0.0,0.0,0.0,0.0,-0.5006419574168314,-4.932753683529204,-0.781964668844,-5.632033703164582,-0.011859530263654,0.0098186619575572,-0.3682421321851715,0.0078296177735329,0.0196651600488884,0.7733205465296128,False,False,91.9294337348074,120.875516784062,0.1824027105550952,0.1980852723291453
81926,ABHD17A ,0.1793991416309013,3.0,0.0,0.0,-1.4144281945340695,-6.355703260301288,-0.416224498334,-2.695004483294728,-0.3091009990835822,0.0302450625040469,-0.491062310231057,-0.0153726878544063,0.0221232391953992,0.5506492326414864,False,False,79.7009827974692,29.6605545456345,0.1741194101847527,0.3144038279581303
51104,ABHD17B ,0.0017167381974248,1.0,0.0018281535648994,0.0,-1.2005083308646711,-9.64737176625448,-0.8013983708269999,-4.98159338389048,0.0474234311295371,0.0167326084146049,-0.9090188490770296,0.1383428327342071,0.0355860665457493,-0.5561155892845172,False,False,153.60430076909,31.705732487271,0.1865933638956191,0.3233903495407855
58489,ABHD17C ,0.0,0.0,,,-0.7082438855220494,-5.911411679351768,,,0.0446293237835575,0.0162203893924402,-0.5552373050204353,,,,False,,117.721743519288,,0.3449532949910592,
80167,ABHD18 ,0.0,0.0,,,-0.3990374972188703,-3.9409215599553766,,,0.0734830950841436,0.0143762593143391,0.4697488643010844,,,,False,,99.06274979317,,0.2037514073694451,
11057,ABHD2 ,0.0008583690987124,0.0,0.0018281535648994,0.0,-0.5104039445008874,-4.041559549010735,-0.8801774334370001,-4.99361459195198,-0.0306081568170406,0.0140933714114759,0.1815253938598534,-0.1083688495455028,0.023888515814524,-0.2320835893750309,False,False,89.3815539536149,9.77035025145739,0.1139278696599234,0.2531479934197967
171586,ABHD3 ,0.0017167381974248,0.0,0.0,0.0,-0.6115797366779631,-4.931891471760019,-0.587849323834,-3.8927295075308135,-0.0876471560966827,0.011285577541794,-0.1484725969411046,-0.0605281687766639,0.0183502478777124,-0.1487650054398564,False,False,61.5591844446526,19.3928614370175,0.2498680492534638,0.2688385466570769
63874,ABHD4 ,0.0,0.0,0.0,0.0,-0.6780488374501641,-7.11547086260752,-0.537995022359,-3.210301079324703,0.0337196959075522,0.0100062253520682,-0.0376213123989637,-0.0031922040582033,0.0277520995624443,-0.2099988597090746,False,False,192.546975133283,6.61777384571934,0.2149419941426743,0.3082615493794045
51099,ABHD5 ,0.0,0.0,0.0,0.0,-0.6656091815770905,-6.33337933492677,-0.830985025513,-4.337434457139976,-0.0021498809787673,0.0109738134157168,-0.3332812533445535,-0.0376074166619289,0.0334575417327711,-0.085250125036276,False,False,114.877897360181,45.9894332727339,0.1746130173816334,0.2356369049065235
57406,ABHD6 ,0.0,0.0,0.0,0.0,-0.3465279605226422,-4.776381975488338,-0.446098018896,-3.0696858991234257,0.0778566984401098,0.0078944385929629,0.182473378720752,0.0330343727003807,0.0243625748212467,0.2620242788883482,False,False,97.8515205100839,5.28550269453473,0.1578520370030949,0.1778086197190094
79575,ABHD8 ,0.0,0.0,0.0,0.0,-0.4793446910545201,-5.005701104898793,-0.265432583031,-2.833326750053892,-0.0165590379246708,0.0085473196509359,-0.0766958129776972,0.0668715748502079,0.0137555584566343,0.0804377822073146,False,False,46.2924126135072,6.6836344003832,0.1096562048430426,0.2372989055806137
10006,ABI1 ,0.0171673819742489,0.0,0.0117252931323283,1.0,-1.285213443577213,-8.48433246580788,-1.19325108075,-5.821788839086077,-0.0545369459266633,0.0210403256391646,-0.9981259013177032,-0.0648501740169877,0.0375676435493363,-0.894891053071812,False,False,226.46824643822,118.089307424815,0.342342396222871,0.2537714678275112
10152,ABI2 ,0.0060085836909871,2.0,0.0029154518950437,0.0,-1.4705171889526882,-11.79772054575542,-0.8621618104709999,-4.741254563096511,0.046992167103716,0.0165449913785684,-3.804137339956832,-0.0405134612377093,0.0300320810071878,-0.7575659322565829,False,False,623.311759328402,80.4060106281447,0.4743798256549605,0.1514321738897419
51225,ABI3 ,0.0017167381974248,0.0,0.0087463556851311,0.0,-0.6051847095001288,-5.365342504914674,-0.746887600345,-3.329668284219574,0.0234807560293192,0.0137291707294486,-0.3184490524214128,-0.028094386777406,0.0466021547210238,-0.3886615552740712,False,False,60.7475538452659,17.4926666567455,0.0833068418635622,0.2219680824404898
25890,ABI3BP ,0.0017167381974248,0.0,,,-0.5184294596685552,-4.883721912060388,,,0.0406738399456362,0.0131063649758228,-0.1164480414960444,,,,False,,99.6787229978872,,0.1530776676807325,
54942,ABITRAM ,0.0,0.0,,,-0.4192632205167667,-3.374339011008925,,,-0.0212020922057941,0.0139162465247445,0.2619961018613213,,,,False,,56.6902490082366,,0.1918258261867373,
25,ABL1 ,0.0085836909871244,6.0,0.0042194092827004,2.0,-1.6790204006473597,-10.091628009091853,-1.03335923633,-5.978025380286415,-0.015325944835589,0.0271784491666238,-3.3192546970473864,-0.1036535013381233,0.0241866383471163,-0.391027334541844,False,False,576.673424130213,109.960963744907,0.5588431842091564,0.437413602188931
27,ABL2 ,0.0,0.0,0.001412429378531,0.0,-0.2036469253285637,-3.229393101590526,-0.7057752957,-3.66339895250876,0.0908234432905368,0.0083146002408037,0.5877120334857949,-0.0211011675867045,0.0349300655830051,-0.0725777816035583,False,False,82.1731189579764,6.73859962946699,0.2126422349034065,0.1866451678246383
3983,ABLIM1 ,0.0,0.0,0.0,0.0,-0.4765000561903793,-5.032234292588931,-0.565381657478,-3.297364006897206,0.0310844530287246,0.0101740768373032,-0.2988939786927539,-0.0018872020284531,0.0292042130657389,0.1006446925785891,False,False,83.60859825733,9.34302272824516,0.1443002820389812,0.26165150981427
84448,ABLIM2 ,0.0008583690987124,0.0,0.0,0.0,-0.5366467122038068,-4.930088245095563,-0.573278128025,-2.825510976456434,0.0085579539397228,0.0122295293137207,-0.3031830152983092,-0.0250650381606928,0.0376447835777622,0.0700494780498278,False,False,58.3870891967315,0.647142982760357,0.1078872161844702,0.2199923372271301
22885,ABLIM3 ,0.0008583690987124,0.0,0.0127970749542961,0.0,-0.6487707560920057,-6.489825720916384,-1.12742994829,-4.855101688424443,0.0145685130797935,0.0104473308244563,-0.4148820642665873,-0.1197674199886993,0.043075820320275,-0.1476768447720664,False,False,102.175931886177,5.78057906724646,0.0802528992995206,0.3599577774783938
29,ABR ,0.0017167381974248,0.0,0.0014084507042253,0.0,-0.5937189801173828,-4.590558014047785,-0.931532306608,-4.780539117885468,0.0075563155856171,0.0171559890613621,0.2458632244003456,0.0084440244908936,0.0386616231797304,-0.3512026381741455,False,False,101.809354022316,35.2009211586436,0.2748003973560671,0.4166340874793143
137735,ABRA ,0.0042918454935622,0.0,0.0,0.0,-0.5547490554866894,-4.156631328843914,-0.462650082409,-3.396881314741829,-0.0249742881398866,0.0162442448002899,-0.0023040950799359,0.028088396547104,0.0208708183760287,0.5893899456982381,False,False,61.4389067588952,45.5934075445014,0.0687162899430056,0.3085921019313454
58527,ABRACL ,0.0008583690987124,0.0,,,-1.2965146940722792,-11.90913814161556,,,0.06112935418767,0.0129960440356669,-2.262729152548879,,,,False,,356.793366346514,,0.2889914332765932,
84142,ABRAXAS1 ,0.127038626609442,3.0,0.0,0.0,-1.1503981444402165,-5.581275358649097,-0.546503213861,-3.682275538535947,-0.2831048603013785,0.0241471048557877,-0.449566874391016,0.0037352314784432,0.02232900119687,-0.0540132917940496,False,False,102.29157157863,16.2342213189407,0.0787629984305989,0.0941339530867658
23172,ABRAXAS2 ,0.0,0.0,0.0,0.0,-0.458664367139067,-4.626918493810151,-0.7530607810259999,-3.5630011024609214,0.1466791714611522,0.0171167033477431,0.0387081410599363,-0.1761134621415844,0.02622046597958,-0.1726619675949375,False,False,31.9317470748047,4.67102429413796,0.1577800295430795,0.2185360778576322
29777,ABT1 ,0.9622317596566524,802.0,0.0036563071297989,0.0,-2.1706483640003507,-4.291707657318788,-0.711418965215,-3.7743730904307458,-0.9621897222937792,0.0792872438539096,-0.0827933589710422,-0.0896593089816776,0.0271365993784601,-0.1378607277610288,True,False,35.0525584842584,17.1847687574355,0.3059449469395024,0.2193551133315232
80325,ABTB1 ,0.0008583690987124,0.0,0.0016750418760469,1.0,-1.3415765954117531,-11.917112881849286,-1.04336138218,-6.304838816120074,0.0543014174587401,0.0137199594199236,-0.8311102850934182,-0.1053352204208149,0.0221351222917375,-0.6537118267438137,False,False,389.913075715854,69.5703153411619,0.1239328038821154,0.2182795395374733
25841,ABTB2 ,0.0008583690987124,0.0,0.0,0.0,-0.6948521642623446,-6.198346309980401,-0.517342655456,-4.361765881040091,-0.0010953491524614,0.0125274549737443,-0.2774713055445274,0.0206640322669253,0.0152142534389745,-0.2031425837828061,False,False,108.912466534031,45.9150743445042,0.1776928037170363,0.2251458569202416
121551,ABTB3 ,0.0,0.0,,,-0.4502771706461928,-3.904561958823246,,,0.0428842353965034,0.015952675339701,-0.0995547193777967,,,,False,,51.5474598121518,,0.1572574150912159,
30,ACAA1 ,0.0034334763948497,0.0,0.0,0.0,-0.8914914568420322,-6.856121002243856,-0.36843840098,-2.9796910162310133,0.0253599983506747,0.0178830260724888,-1.011884192995726,0.0482387377044484,0.0195549578100248,0.2077249861884032,False,False,202.880371883311,10.1142340073452,0.2268470294723265,0.2502825979857909
10449,ACAA2 ,0.0017167381974248,0.0,0.0,0.0,-0.6899588239125384,-5.991639983746727,-0.445573989786,-3.7375146409289215,-0.0184624070019439,0.0125601833371186,-0.8410404564928012,0.1373507539172962,0.0243253543652783,0.0649466429051569,False,False,181.310690101781,15.8662603394092,0.2169161261659508,0.3141890139342336
31,ACACA ,0.3605150214592275,99.0,0.0210970464135021,2.0,-2.221749702272356,-6.0708550201201925,-0.905208245656,-4.381549449136108,-0.3954458813719792,0.0904995318206591,-0.9771773942781042,-0.072061572881747,0.0361565924300159,-0.4936223063613705,False,False,242.644734495736,62.3435726636084,0.3838825090190516,0.2113418780159201
32,ACACB ,0.0008583690987124,1.0,0.0070323488045007,0.0,-1.0690265507124384,-7.676271613862067,-0.8724292275769999,-4.358238795477412,-0.0483034053762594,0.0176813434008927,2.0180338034436267,-0.0840077953379021,0.0327261410904045,-0.5787884841460921,False,False,593.081985473396,55.4663416027324,0.6378879055227203,0.2262983805185603
80724,ACAD10 ,0.0008583690987124,0.0,0.0056497175141242,0.0,-0.4304413184428188,-3.4217568556801217,-0.785484076548,-3.56395278609024,-0.0644805936428606,0.0114385418640443,0.2637371765548183,-0.0981100048764178,0.0371982413805923,0.0136268679831385,False,False,82.3201699947458,2.44252470535946,0.0821379768386574,0.2592329586466282
84129,ACAD11 ,0.0,0.0,0.0042372881355932,0.0,-0.2972789925391803,-4.233001467253535,-0.724527229278,-3.715482965509772,0.0603950479931714,0.007139667776506,0.1618015404452758,-0.0535035898158168,0.0326170809384886,-0.1178719247884101,False,False,54.9101720564868,12.2206941351643,0.15469387185083,0.3566345826657369
27034,ACAD8 ,0.0017167381974248,0.0,0.0,0.0,-0.5974685996660909,-5.491206228036061,-0.851634069173,-6.590654335781645,-0.0149512353256717,0.0112533607902719,-0.0358660848820251,0.0164768277078019,0.0173497549982968,-0.2732331688048803,False,False,52.3063226755648,53.1172767120523,0.2899916004389708,0.1792657828607884
28976,ACAD9 ,0.1175965665236051,5.0,0.0155367231638418,1.0,-0.8905954133119833,-3.933305585945925,-1.01103735376,-5.111597465779875,-0.2391511625102381,0.0274308416779263,-0.5944677630225922,-0.1448331014872432,0.0287162238741506,-0.6892784984004167,False,False,68.8377060904722,54.6348577913637,0.357290600817673,0.297304993695943
33,ACADL ,0.0008583690987124,0.0,0.0028248587570621,0.0,-0.69423578613428,-5.988303870382862,-0.665672868838,-3.698583446990152,0.0205956651498927,0.0142495006249077,-0.3518349922437547,0.0061336239685022,0.0329926766289958,-0.1219718177331364,False,False,129.66618660415,25.6493002136428,0.1170964299688228,0.1809391745107311
34,ACADM ,0.0,0.0,0.0042372881355932,0.0,-0.3418701883690234,-3.770000107315515,-0.7399663586190001,-3.518084835972329,0.0236746334767131,0.0094015302416043,0.958047154948996,-0.0339373825708634,0.0402747111757047,-0.0900075646406553,False,False,184.698332258851,7.19205871134727,0.154462052479562,0.2593114234316249
35,ACADS ,0.0025751072961373,0.0,0.0028169014084507,0.0,-0.8674831908765239,-6.238957158356104,-0.80422427621,-4.133918996681219,-0.0620566221640208,0.0166658664147373,-0.2563043099994461,-0.1176472257531974,0.0275838346163427,-0.2652050722820182,False,False,201.243968451481,19.8536442322312,0.1929012462882989,0.1896757499097192
36,ACADSB ,0.0,0.0,0.0014084507042253,0.0,-0.5611346303831938,-4.674335297990269,-0.883765881043,-5.323488497722719,-0.0371945122020027,0.012563874330415,0.0499569612223777,-0.0256806213834469,0.0259817406435832,-0.3061371493982899,False,False,58.5547472431208,38.4606429401263,0.0631820118429112,0.1083099135877967
37,ACADVL ,0.0,0.0,0.0028248587570621,0.0,-0.3698862732241289,-3.643500545344353,-0.825302901668,-4.824379430846754,-0.0099893823682282,0.0097570495808769,-0.0096072036688528,-0.0371191421860375,0.0266914427740827,-0.5952195635787004,False,False,38.6388658658452,57.5748686676608,0.1224486379751469,0.2083817062858813
176,ACAN ,0.0008583690987124,0.0,0.0018148820326678,0.0,-0.4671351007135452,-4.191109607832196,-0.571320767337,-3.881305834576314,-0.0412283335023616,0.0103269254893744,0.0469669315849777,0.033308530119746,0.0242673662208354,0.1401505588573311,False,False,84.4965418712734,38.8385162620902,0.2091867604930569,0.1835479985108076
9744,ACAP1 ,0.0008583690987124,0.0,0.0,0.0,-0.4785548797690945,-4.608319868306003,-0.663664588617,-4.182439401232005,-0.0170644864429041,0.0100285951000977,0.5341195108184691,-0.1070857746000421,0.0177089995776724,-0.3444504338207765,False,False,150.38222481287,25.1055907398692,0.2507541993391983,0.2334509484664388
23527,ACAP2 ,0.0034334763948497,1.0,0.0016750418760469,0.0,-1.4582764239115946,-10.468485475358504,-0.7089736957800001,-5.272199163262791,-0.0243769888681727,0.0187615915818724,-1.4850191008124434,0.0087630530676391,0.0185330437312428,-0.0064713550829691,False,False,232.769240839218,60.2934642476702,0.2943522491877466,0.2260317738109168
116983,ACAP3 ,0.0137339055793991,0.0,0.0016750418760469,0.0,-0.6604472476455825,-4.143806081939679,-0.784549915686,-4.546531518579724,-0.1586913245201325,0.0146617621164075,-0.4980222748995264,-0.0084085896464584,0.0291421241653728,-0.523649025014582,False,False,69.9977733158553,26.1472846446034,0.2746350681819954,0.1983718866866224
38,ACAT1 ,0.0042918454935622,0.0,0.0056338028169014,0.0,-1.1598637237766716,-9.013762270805698,-0.621084393999,-3.0371669282949347,0.039568264654071,0.0177067581185613,-0.9103997669763202,-0.0296447389199894,0.0379213295332152,0.0304498317295861,False,False,180.500129864943,15.0867070144609,0.1110243023890495,0.2918097684256569
39,ACAT2 ,0.0223175965665236,15.0,0.0109689213893967,2.0,-2.086588974161797,-8.997895578583265,-1.26360642435,-5.488505303575443,0.0705976932402138,0.0574769292065369,-4.8863108055490025,-0.1370693882468622,0.0421291572852427,-0.9539679254491364,False,False,1325.81596669808,61.9927579966971,0.7598811175088399,0.1385673040504683
64746,ACBD3 ,0.0,0.0,0.0018281535648994,0.0,-0.5171456792495908,-4.139765576843115,-0.643776528607,-3.55465172410266,0.017189873846096,0.0166600632432951,0.6816795755881062,0.0468705268354346,0.0377501096101108,0.0379534251813679,False,False,121.817184874708,2.02528632642674,0.3632913408827437,0.3152431545878574
79777,ACBD4 ,0.0025751072961373,0.0,0.0058309037900874,0.0,-0.533084168990789,-4.020921096323912,-1.02463462116,-5.839681796463867,-0.0943798146834364,0.0119039964345388,0.1854202489015566,0.0532651048882073,0.0340704882169215,-0.8413703893927728,False,False,36.6762456644044,93.4373232418741,0.2178767733754688,0.168657462154422
91452,ACBD5 ,0.0034334763948497,1.0,0.0028169014084507,0.0,-0.7746706459222068,-6.358055965839916,-1.19602214034,-7.0147233237957565,0.0513979131182285,0.0168804295131112,-1.0631544691118315,-0.0119062933099389,0.0284949103080323,-0.8647966359836311,False,False,178.720204986774,85.2242544589184,0.2227046993754746,0.1266351888174049
84320,ACBD6 ,0.0,0.0,0.0058309037900874,0.0,-0.6678406482080359,-6.5781163618836125,-0.992234057153,-5.655206503957412,0.0808185263795455,0.0129528459099989,-0.4901321148076211,0.0792218736808934,0.0358964656316996,-0.9942415824948504,False,False,185.879838807301,48.567316645375,0.3014538550428139,0.1632264872747005
414149,ACBD7 ,0.0008583690987124,0.0,,,-0.4895237812595309,-4.244981818739947,,,0.0750891153165439,0.0176908996364848,0.3515961581727833,,,,False,,117.742511060181,,0.1304596150063341,
84680,ACCS ,0.0008583690987124,0.0,0.0,0.0,-1.0111319048161982,-8.920619074448384,-0.863982602842,-4.686616864111617,0.0308395891078671,0.0136433709153817,-0.5876796203153446,-0.1161220081208983,0.0254637521960945,-0.2943639539628953,False,False,147.868836116643,25.0768019992947,0.08694944046687,0.1947495310759834
390110,ACCSL ,0.0,0.0,0.0,0.0,-0.4354190745681525,-3.4237637389645434,-0.58382668615,-4.517859406212997,-0.0599029590962985,0.0120295555896741,0.8087738773062674,-0.037268339590509,0.0146355024997068,-0.3895420112676988,False,False,136.819193502597,28.5771217954666,0.3053692929658315,0.1782079692630161
65057,ACD ,0.1879828326180257,26.0,0.0,0.0,-1.2006662268534127,-4.494940823529522,-0.343607338578,-2.7521551924053087,-0.3107260681472067,0.0391988794671744,-1.016955194931413,0.0933798151316047,0.0252110828914169,0.0264440849831932,False,False,192.105357015629,0.230390493531019,0.4489703741783384,0.2977960887947246
1636,ACE ,0.0051502145922746,0.0,0.0,0.0,-0.7169229454341526,-5.6919844885110775,-0.543179310039,-5.189295311169503,-0.1074475053064703,0.0114652889276852,0.0630756180322254,0.1020373163078455,0.0154594602815077,-0.6090777684014348,False,False,101.076837094822,38.8007541719732,0.1971659800541798,0.220291982519241
59272,ACE2 ,0.0,0.0,0.0,0.0,-0.5375727891070853,-7.279938377733191,-0.565635258709,-3.935295912151594,0.1950182828152642,0.0101266974946315,-0.5460656402639649,0.0285398872950095,0.022796814968606,-0.0138004719737865,False,False,292.625372604659,6.90062608800645,0.0998899682780873,0.3492285039550748
125981,ACER1 ,0.0008583690987124,0.0,0.0,0.0,-0.4909967253589144,-4.178669137928392,-0.520445365431,-3.850557941574456,-0.0607027652399038,0.0106036291170495,0.1862098082413647,9.410334540656587e-05,0.0182751101533658,-0.1574221727608648,False,False,64.1903416447694,4.59363214021528,0.2018471500798212,0.1974182967093729
340485,ACER2 ,0.0,0.0,0.0018281535648994,0.0,-0.5438055267846359,-5.453145129620192,-0.656532832624,-3.039635847403586,0.0305815876418335,0.0110946923725314,-0.3026445052717943,-0.0331354963805626,0.0420616949294792,0.3958116101864521,False,False,105.187268046405,18.882886473904,0.1330743326208608,0.3437633437598714
55331,ACER3 ,0.0008583690987124,0.0,0.0018281535648994,0.0,-0.5438418798279789,-5.702553235059485,-0.760187048429,-3.5111386278891654,0.0956771997574945,0.0125767467316731,0.6222370244852121,-0.1089209553263,0.0344049540871904,0.1550171249068302,False,False,145.690285712383,13.2502970016963,0.2607243506278469,0.1608546609097201
43,ACHE ,0.0360515021459227,0.0,0.001412429378531,0.0,-0.6615724000208474,-3.253837458375163,-0.8670298156990001,-5.186658142876775,-0.1725665897789638,0.0225858442893806,-0.0156019438475034,-0.0164976941693674,0.0268909528711964,-0.0548318373667382,False,False,27.5315218898377,40.0128868162988,0.0890760073675458,0.2808112222193288
22985,ACIN1 ,0.8154506437768241,280.0,0.0296610169491525,3.0,-2.533588360101328,-7.452367784123108,-1.42107497497,-6.368750454228279,-0.6703804402443796,0.0625077812474573,-0.687724030114171,-0.1802615560419609,0.0379581028726974,-1.0960215387688546,True,False,64.8220685078653,83.0759549214166,0.2335017027294776,0.3044870323984525
2532,ACKR1 ,0.0034334763948497,1.0,0.0073126142595978,0.0,-1.3538605163253388,-11.330436647421443,-1.37984595662,-6.837331291399268,-0.0224510797946454,0.0138079742290228,-2.819926422986681,-0.0196837185599006,0.0395738387683369,-1.2244917913665592,False,False,446.884405644207,96.4168647828193,0.3600695562078966,0.1564344108833846
1238,ACKR2 ,0.0,0.0,0.0028169014084507,0.0,-0.451622455576584,-4.775267843493183,-0.6219994143590001,-3.637749088222287,0.0566303991085371,0.0113282853781856,0.0813881329661678,-0.0398102474899939,0.0256131362027833,-0.4398398236562252,False,False,92.1035813399742,31.1712577604854,0.1482608196448697,0.2566514558654176
57007,ACKR3 ,0.0,0.0,0.0070422535211267,0.0,-0.4806735683862436,-5.1223860619570765,-1.20616280432,-6.359645938542185,0.0391322559515067,0.0102976391351664,0.0339019874329479,-0.1390966911238805,0.0281524879278201,-0.3924503439332296,False,False,87.7125779648522,51.2823756000382,0.2089605337611146,0.1663060098470808
