context_name,out_group,feature_id,t_pval,mean_in,mean_out,effect_size,t_qval,t_qval_log,OR,n_dep_in,n_dep_out,frac_dep_in,frac_dep_out,log_OR
skin,Type,C1orf74 (148304),0.1201737770621026,-0.1117347139128306,-0.0786128245565785,-0.0331218893562521,0.3642877104965632,0.4385554797423144,3.5,3,12,0.0405405405405405,0.0119284294234592,0.5440680443502757
skin,Type,HNF1B (6928),2.3239496531044946e-17,-0.2077865412141419,-0.3946179158923757,0.1868313746782338,6.443537738174396e-14,13.190875623585082,0.1724285104566794,3,198,0.0405405405405405,0.1968190854870775,-0.7633909234863577
skin,Type,MAP4K4 (9448),0.0007115813807927,0.0609793627578717,-0.0412393991498616,0.1022187619077333,0.0149468028420043,1.825451694066465,0.0,0,15,0.0,0.014910536779324,0.0
skin,Type,MED1 (5469),0.0098834487877771,-0.774743074252612,-0.6108665429916006,-0.1638765312610114,0.0840121894649305,1.0756576968750966,1.8311688311688312,53,583,0.7162162162162162,0.5795228628230616,0.262728387482898
skin,Type,NRAS (4893),0.0067067070655006,-0.3823489605844616,-0.1981152982259178,-0.1842336623585438,0.0648778966071466,1.1879032387401398,2.9867873746023976,13,67,0.1756756756756756,0.0666003976143141,0.4752043068613542
skin,Type,SOX10 (6663),2.9149421568218603e-19,-1.177253654405778,-0.1274952649280911,-1.0497583894776867,2.4246488860444237e-15,14.615351142791088,110.475,54,24,0.7297297297297297,0.0238568588469184,2.043264010234331
skin,Type,SWI5 (375757),0.0737878844624775,-0.1565417961943895,-0.1848358171592087,0.0282940209648192,0.2781741604119024,0.5556832140697612,0.3587560162902629,1,37,0.0135135135135135,0.036779324055666,-0.4452008071366855
skin,Type,BRD:BRD-A02532772-003-01-7,0.4763171548244006,0.0535602465291693,0.0195547324707356,0.0340055140584337,0.8094916857434118,0.0917876075088788,,0,0,0.0,0.0,
skin,Type,BRD:BRD-A10188456-001-04-9,0.6686168935779999,0.0003027066283392,0.0232253678779322,-0.0229226612495929,0.904724732442132,0.0434835372213535,,0,0,0.0,0.0,
skin,Type,BRD:BRD-A49035384-003-28-9,0.2631990869342986,0.1176799220611504,0.2352861164872146,-0.1176061944260641,0.658725322625834,0.1812956411504361,0.0,0,1,0.0,0.0013368983957219,0.0
skin,Type,BRD:BRD-A49035384-003-30-5,0.5990509193333273,0.1139870857003285,0.0890537820289452,0.0249333036713833,0.870483946261211,0.0602392338682582,,0,0,0.0,0.0,
skin,Type,BRD:BRD-A55424491-001-19-9,0.4035700507791787,-1.7522461632340305,-1.6045366231209466,-0.1477095401130836,0.7710300069754146,0.1129287197308192,1.463954614639546,20,219,0.3773584905660377,0.2927807486631016,0.1655276129811611
skin,Type,BRD:BRD-K59456551-001-22-6,0.8955970177185468,-0.9010263463367708,-0.9231521728092568,0.0221258264724861,0.9781832010763756,0.0095797998488993,0.9785507246376812,8,115,0.1509433962264151,0.1537433155080214,-0.0094166571196566
skin,Type,BRD:BRD-K66175015-001-09-0,7.634030955544359e-08,0.4904638774731974,-0.1239993579700702,0.6144632354432676,9.968282728489654e-06,5.00137965269919,0.0,0,32,0.0,0.0427807486631016,0.0
skin,Type,BRD:BRD-K70401845-003-09-6,0.0018085127047308,0.2394699670613464,-0.1210539667743537,0.3605239338357002,0.0403614567231216,1.3940331676235185,0.0,0,26,0.0,0.03475935828877,0.0
skin,Type,BRD:BRD-K87909389-003-03-4,0.0027195566961581,-4.157917628143721,-3.645654343794967,-0.5122632843487542,0.0528454827041279,1.276992130788306,2.373029045643153,43,482,0.8113207547169812,0.6443850267379679,0.3753030539718039
skin,Type,BRD:BRD-K93255255-001-02-1,0.6558785409100664,0.0147606103188767,0.0426715949613145,-0.0279109846424377,0.8994685644685421,0.0460140102132734,,0,0,0.0,0.0,
skin,All,C1orf74 (148304),0.0454501072587173,-0.1117347139128306,-0.0689338549094857,-0.0428008590033449,0.2127484480461514,0.6721335993159995,3.6403033586132176,3,13,0.0405405405405405,0.0114739629302736,0.561137576363932
skin,All,HNF1B (6928),5.974197890424892e-16,-0.2077865412141419,-0.379327725529348,0.1715411843152061,1.6564459350851417e-12,11.780822734534432,0.1912744761250429,3,205,0.0405405405405405,0.1809355692850838,-0.718342978836305
skin,All,MAP4K4 (9448),0.0002867590642091,0.0609793627578717,-0.0487015251066867,0.1096808878645585,0.0076550226265785,2.1160535212839835,0.0,0,17,0.0,0.0150044130626654,0.0
skin,All,MED1 (5469),0.0480125043326292,-0.774743074252612,-0.6504972543617017,-0.1242458198909103,0.2201587712452096,0.6572640073313663,1.6083815028901731,53,692,0.7162162162162162,0.6107678729037952,0.2063890698779505
skin,All,NRAS (4893),0.0131345537555164,-0.3823489605844616,-0.2141882183234934,-0.1681607422609682,0.0964282596102256,1.0157956715512932,2.440281030444965,13,91,0.1756756756756756,0.0803177405119152,0.3874398439384818
skin,All,SOX10 (6663),1.5906918798845506e-19,-1.177253654405778,-0.1144343318449038,-1.062819322560874,1.3231375056879692e-15,14.878395019865147,114.95769230769233,54,26,0.7297297297297297,0.0229479258605472,2.060538037066892
skin,All,SWI5 (375757),0.1070152130448926,-0.1565417961943895,-0.1818558411584372,0.0253140449640477,0.3409614809463378,0.467294681292984,0.3743150684931506,1,40,0.0135135135135135,0.0353045013239188,-0.4267626894987155
skin,All,BRD:BRD-A02532772-003-01-7,0.4763171548244006,0.0535602465291693,0.0195547324707356,0.0340055140584337,0.8081442981653374,0.0925110868717131,,0,0,0.0,0.0,
skin,All,BRD:BRD-A10188456-001-04-9,0.6686168935779999,0.0003027066283392,0.0232253678779322,-0.0229226612495929,0.9060685616479592,0.0428389382847908,,0,0,0.0,0.0,
skin,All,BRD:BRD-A49035384-003-28-9,0.2631990869342986,0.1176799220611504,0.2352861164872146,-0.1176061944260641,0.6570300736337823,0.1824147514230387,0.0,0,1,0.0,0.0011587485515643,0.0
skin,All,BRD:BRD-A49035384-003-30-5,0.5990509193333271,0.1139870857003285,0.0890537820289452,0.0249333036713833,0.869925585808189,0.0605178957205542,,0,0,0.0,0.0,
skin,All,BRD:BRD-A55424491-001-19-9,0.4035700507791787,-1.7522461632340305,-1.6045366231209466,-0.1477095401130836,0.7669299313715711,0.1152443124639764,1.7822056178220562,20,219,0.3773584905660377,0.253765932792584,0.2509578083057875
skin,All,BRD:BRD-K59456551-001-22-6,0.8955970177185468,-0.9010263463367708,-0.9231521728092568,0.0221258264724861,0.9782139623422688,0.0095661426546602,1.156328502415459,8,115,0.1509433962264151,0.1332560834298957,0.0630812307274496
skin,All,BRD:BRD-K66175015-001-09-0,7.634030955544359e-08,0.4904638774731974,-0.1239993579700702,0.6144632354432676,9.780201922291736e-06,5.00965217866518,0.0,0,32,0.0,0.0370799536500579,0.0
skin,All,BRD:BRD-K70401845-003-09-6,0.0018085127047308,0.2394699670613464,-0.1210539667743537,0.3605239338357002,0.0401300694938637,1.39653008819102,0.0,0,26,0.0,0.030127462340672,0.0
skin,All,BRD:BRD-K87909389-003-03-4,0.0027195566961581,-4.157917628143721,-3.645654343794967,-0.5122632843487547,0.0523963709531013,1.280698791825853,3.39896265560166,43,482,0.8113207547169812,0.5585168018539977,0.5313463930163562
skin,All,BRD:BRD-K93255255-001-02-1,0.6558785409100664,0.0147606103188767,0.0426715949613145,-0.0279109846424377,0.8996500186877208,0.0459264066866217,,0,0,0.0,0.0,
urinary_tract,Type,C1orf74 (148304),0.9757505393670876,-0.0818311148525563,-0.0808533155135359,-0.0009777993390203,0.9943640879768,0.0024545688748012,5.307692307692308,2,13,0.0625,0.0124045801526717,0.7249057384304185
urinary_tract,Type,HNF1B (6928),0.4276204355672146,-0.3366095316855026,-0.3831968725416417,0.046587340856139,0.7928795875811283,0.1007927627703834,0.8049886621315193,5,196,0.15625,0.1870229007633587,-0.0942102364127444
urinary_tract,Type,MAP4K4 (9448),0.784220584300302,-0.0220982550371223,-0.0346061245605824,0.01250786952346,0.937230785183515,0.028153454586659,2.3824884792626726,1,14,0.03125,0.0133587786259541,0.3770308092454129
urinary_tract,Type,MED1 (5469),0.4952050558031342,-0.6849849722042318,-0.6201748193069734,-0.0648101528972584,0.8302202906184802,0.0808066566525663,1.1688311688311688,20,616,0.625,0.5877862595419847,0.0677517842668429
urinary_tract,Type,NRAS (4893),0.3053690541755153,-0.2837876116044219,-0.2085082151976927,-0.0752793964067291,0.7265831848984117,0.1387146571068493,3.0374220374220373,6,74,0.1875,0.0706106870229007,0.482505139560465
urinary_tract,Type,SOX10 (6663),0.0001299119513718,-0.0583249012687509,-0.2037314981899687,0.1454065969212177,0.0563370151604113,1.249206166468142,0.0,0,78,0.0,0.0744274809160305,0.0
urinary_tract,Type,SWI5 (375757),0.646172377763575,-0.1937038158046741,-0.1823151739327208,-0.0113886418719532,0.8916864681933715,0.0497878239531129,0.0,0,38,0.0,0.0362595419847328,0.0
urinary_tract,Type,BRD:BRD-A02532772-003-01-7,0.1651489172667811,0.0906559836027237,0.0189420192999151,0.0717139643028086,0.7411653535515339,0.1300848903691521,,0,0,0.0,0.0,
urinary_tract,Type,BRD:BRD-A10188456-001-04-9,0.5816341023552036,-0.0178324661262708,0.0232248138786448,-0.0410572800049156,0.9199466407096668,0.0362373621298825,,0,0,0.0,0.0,
urinary_tract,Type,BRD:BRD-A49035384-003-28-9,0.2602637245684647,0.1126650482509909,0.2311046391835301,-0.1184395909325392,0.8110611074094208,0.0909464237038297,0.0,0,1,0.0,0.0012970168612191,0.0
urinary_tract,Type,BRD:BRD-A49035384-003-30-5,0.4882724850193125,0.0388163630369125,0.0934007860626824,-0.0545844230257699,0.8935196054122,0.0488959138590405,,0,0,0.0,0.0,
urinary_tract,Type,BRD:BRD-A55424491-001-19-9,0.3425693332996696,-1.8151084403596252,-1.606989905939726,-0.2081185344198994,0.8322655900263624,0.079738060876603,2.4419642857142856,15,224,0.5,0.2905317769130999,0.3877393079992679
urinary_tract,Type,BRD:BRD-K59456551-001-22-6,0.0291196579528493,-1.4605883873104546,-0.8980916302809139,-0.5624967570295407,0.5304950423214803,0.2753186703912642,2.074308300395257,8,115,0.2666666666666666,0.1491569390402075,0.3168733051917859
urinary_tract,Type,BRD:BRD-K66175015-001-09-0,0.0542198934674362,-0.451142653470179,-0.0585921858020108,-0.3925504676681682,0.6045206513035991,0.2185888584194165,1.7642857142857142,2,30,0.0666666666666666,0.0389105058365758,0.2465689175814276
urinary_tract,Type,BRD:BRD-K70401845-003-09-6,0.0001438827760739,-0.9318846368487208,-0.056067971910562,-0.8758166649381587,0.3256546831807846,0.4872426719350145,12.045766590389016,7,19,0.2333333333333333,0.0246433203631647,1.080834443635477
urinary_tract,Type,BRD:BRD-K87909389-003-03-4,0.1406260265727172,-4.006183118465,-3.670560546094624,-0.3356225723703758,0.7127284526353759,0.1470759035071161,2.155688622754491,24,501,0.8,0.6498054474708171,0.333586029619704
urinary_tract,Type,BRD:BRD-K93255255-001-02-1,0.3765781991740876,-0.0451828951081164,0.0443725976243136,-0.0895554927324301,0.855492956307601,0.067783561867281,,0,0,0.0,0.0,
urinary_tract,All,C1orf74 (148304),0.742947618356262,-0.0818311148525563,-0.0712781538440128,-0.0105529610085435,0.9127905929008012,0.0396288443483044,5.5285714285714285,2,14,0.0625,0.0119148936170212,0.7426129250046546
urinary_tract,All,HNF1B (6928),0.5706992127440841,-0.3366095316855026,-0.369687669838861,0.0330781381533584,0.8490961975826357,0.0710431039696905,0.8866995073891626,5,203,0.15625,0.1727659574468085,-0.0522235328099068
urinary_tract,All,MAP4K4 (9448),0.6545952798030465,-0.0220982550371223,-0.0425184773962601,0.0204202223591377,0.8817056538082195,0.0546763743491121,2.336693548387097,1,16,0.03125,0.0136170212765957,0.3686017594733985
urinary_tract,All,MED1 (5469),0.7705576743041701,-0.6849849722042318,-0.6573828575114603,-0.0276021146927715,0.922668351232317,0.0349543760192285,1.0344827586206895,20,725,0.625,0.6170212765957447,0.0147232568207063
urinary_tract,All,NRAS (4893),0.4061628149074009,-0.2837876116044219,-0.2228832943595121,-0.0609043172449097,0.7671439157059496,0.1151231550419733,2.536106750392465,6,98,0.1875,0.0834042553191489,0.4041675300183124
urinary_tract,All,SOX10 (6663),0.0007399864571905,-0.0583249012687509,-0.1828974226091094,0.1245725213403584,0.0809723817128145,1.0916630862453678,0.0,0,80,0.0,0.0680851063829787,0.0
urinary_tract,All,SWI5 (375757),0.5729702644874879,-0.1937038158046741,-0.1797388635243545,-0.0139649522803195,0.849977456878167,0.0705925925012905,0.0,0,41,0.0,0.0348936170212765,0.0
urinary_tract,All,BRD:BRD-A02532772-003-01-7,0.1651489172667811,0.0906559836027237,0.0189420192999151,0.0717139643028086,0.7472078174095399,0.1265585930947911,,0,0,0.0,0.0,
urinary_tract,All,BRD:BRD-A10188456-001-04-9,0.5816341023552036,-0.0178324661262708,0.0232248138786448,-0.0410572800049156,0.9219274363329184,0.035303260335069,,0,0,0.0,0.0,
urinary_tract,All,BRD:BRD-A49035384-003-28-9,0.2602637245684647,0.1126650482509909,0.2311046391835301,-0.1184395909325392,0.8075281198101715,0.0928423456956103,0.0,0,1,0.0,0.0011286681715575,0.0
urinary_tract,All,BRD:BRD-A49035384-003-30-5,0.4882724850193125,0.0388163630369125,0.0934007860626824,-0.0545844230257699,0.8937000666144922,0.0488082096939106,,0,0,0.0,0.0,
urinary_tract,All,BRD:BRD-A55424491-001-19-9,0.3425693332996696,-1.8151084403596252,-1.606989905939726,-0.2081185344198994,0.8379557829772443,0.0767788974981661,2.955357142857143,15,224,0.5,0.2528216704288939,0.4706099711055371
urinary_tract,All,BRD:BRD-K59456551-001-22-6,0.0291196579528493,-1.4605883873104546,-0.8980916302809138,-0.5624967570295408,0.5322018340240551,0.2739236331571321,2.4379446640316207,8,115,0.2666666666666666,0.1297968397291196,0.3870238438670826
urinary_tract,All,BRD:BRD-K66175015-001-09-0,0.0542198934674362,-0.451142653470179,-0.0585921858020108,-0.3925504676681682,0.6178105942377541,0.2091446486736955,2.038095238095238,2,30,0.0666666666666666,0.0338600451467268,0.3092244742792527
urinary_tract,All,BRD:BRD-K70401845-003-09-6,0.0001438827760739,-0.9318846368487208,-0.056067971910562,-0.8758166649381587,0.3256546831807846,0.4872426719350145,13.88787185354691,7,19,0.2333333333333333,0.0214446952595936,1.1426357005200454
urinary_tract,All,BRD:BRD-K87909389-003-03-4,0.1406260265727172,-4.006183118465,-3.670560546094624,-0.3356225723703758,0.7239905275077174,0.1402671159548425,3.0738522954091816,24,501,0.8,0.5654627539503386,0.4876829949692173
urinary_tract,All,BRD:BRD-K93255255-001-02-1,0.3765781991740876,-0.0451828951081164,0.0443725976243136,-0.0895554927324301,0.855423158116308,0.0678189966487839,,0,0,0.0,0.0,
lung,Type,C1orf74 (148304),0.321526092942195,-0.0677405726736543,-0.0826179855100493,0.0148774128363949,0.603321346214657,0.2194513085651938,1.9146341463414636,3,12,0.0238095238095238,0.0125786163522012,0.282085800025517
lung,Type,HNF1B (6928),0.7887999726434635,-0.3724833544019086,-0.3830491874034969,0.0105658330015883,0.9103774087413936,0.0407785279488783,1.032901296111665,24,177,0.1904761904761904,0.1855345911949685,0.0140588223887961
lung,Type,MAP4K4 (9448),0.1508208063625306,-0.0569997783495619,-0.0312289209943747,-0.0257708573551871,0.4168904738965582,0.3799780285518651,1.1674937965260546,2,13,0.0158730158730158,0.0136268343815513,0.0672545816221662
lung,Type,MED1 (5469),0.4851914451206681,-0.5916247939660821,-0.6261195028349237,0.0344947088688415,0.7375406506786765,0.1322140378868811,0.7410526315789474,66,570,0.5238095238095238,0.5974842767295597,-0.1301509461467355
lung,Type,NRAS (4893),0.3324818129763894,-0.1874174936134027,-0.2138188772570594,0.0264013836436566,0.6117073469489831,0.2134563033500955,0.484297520661157,5,75,0.0396825396825396,0.0786163522012578,-0.3148877542983594
lung,Type,SOX10 (6663),3.5450208841630336e-15,-0.0634385106870206,-0.2173833905630217,0.153944879876001,1.4743741857234055e-11,10.831392281625137,0.0911168831168831,1,77,0.0079365079365079,0.080712788259958,-1.040401144814498
lung,Type,SWI5 (375757),0.5902924598323305,-0.176101758118402,-0.1835948823930551,0.0074931242746531,0.8041357158344784,0.0946706481869125,1.153268219383922,5,33,0.0396825396825396,0.0345911949685534,0.0619303243385301
lung,Type,BRD:BRD-A02532772-003-01-7,0.8310785037550162,0.0169216902495089,0.0237537545297093,-0.0068320642802003,0.9863729028211752,0.005958866984995,,0,0,0.0,0.0,
lung,Type,BRD:BRD-A10188456-001-04-9,0.2972557781759687,0.0578241783137689,0.0135463561126001,0.0442778222011688,0.8982921971833107,0.0465823727056386,,0,0,0.0,0.0,
lung,Type,BRD:BRD-A49035384-003-28-9,0.3108999295354157,0.2842906766387914,0.2138232376186442,0.0704674390201472,0.908917741887573,0.0414754191551644,inf,1,0,0.008130081300813,0.0,2.0
lung,Type,BRD:BRD-A49035384-003-30-5,0.4142651506263378,0.1180966931069701,0.0851113970783298,0.0329852960286403,0.9328933023796414,0.030168024889692,,0,0,0.0,0.0,
lung,Type,BRD:BRD-A55424491-001-19-9,0.6740036506561219,-1.657063540133992,-1.6071824964343184,-0.0498810436996735,0.9686193199335312,0.0138468728314527,1.5653782894736843,47,192,0.3821138211382114,0.2831858407079646,0.1946193062136699
lung,Type,BRD:BRD-K59456551-001-22-6,0.1287902546615873,-1.086512835248326,-0.8863107529186267,-0.2002020823296992,0.8225541137298656,0.0848355213157219,1.808753462603878,28,95,0.2276422764227642,0.140117994100295,0.2573793755235378
lung,Type,BRD:BRD-K66175015-001-09-0,0.583526779362266,-0.0322184520179737,-0.0852718238795034,0.0530533718615296,0.9602220576355486,0.0176283219042677,1.0216572504708097,5,27,0.040650406504065,0.0398230088495575,0.009305221439098
lung,Type,BRD:BRD-K70401845-003-09-6,0.9830518222733552,-0.0950826490259746,-0.0931244447487693,-0.0019582042772053,0.9990465071254064,0.0004142942386752,1.3256658595641646,5,21,0.040650406504065,0.0309734513274336,0.1224340718557549
lung,Type,BRD:BRD-K87909389-003-03-4,0.4726536270795852,-3.77159245024038,-3.6661174903946527,-0.1054749598457274,0.9436395553867638,0.0251938626930245,1.857588607088567,94,431,0.7642276422764228,0.6356932153392331,0.2689495387996767
lung,Type,BRD:BRD-K93255255-001-02-1,0.9491970223589392,0.0380365124391799,0.0410565640899997,-0.0030200516508198,0.9971692627757276,0.0012311168636377,,0,0,0.0,0.0,
lung,All,C1orf74 (148304),0.7754905599548378,-0.0677405726736543,-0.0720028809298024,0.004262308256148,0.9027787263534364,0.0444186834624289,2.00375234521576,3,13,0.0238095238095238,0.0120259019426456,0.3018440436659653
lung,All,HNF1B (6928),0.916197973214874,-0.3724833544019086,-0.3683826220351131,-0.0041007323667954,0.9664405034238642,0.0148248771036645,1.1470588235294117,24,184,0.1904761904761904,0.1702127659574468,0.059585689984244
lung,All,MAP4K4 (9448),0.3418169826641676,-0.0569997783495619,-0.040226071257862,-0.0167737070916999,0.6155517778308175,0.2107354100268483,1.146236559139785,2,15,0.0158730158730158,0.0138760407030527,0.0592742561366183
lung,All,MED1 (5469),0.1323708366073835,-0.5916247939660821,-0.6658646185446577,0.0742398245785755,0.3765597191861204,0.4241661385700673,0.6512518409425626,66,679,0.5238095238095238,0.6281221091581869,-0.1862510360378065
lung,All,NRAS (4893),0.1328388457627875,-0.1874174936134027,-0.2288200464833297,0.0414025528699269,0.3773471324825241,0.4232589459289718,0.4098839636029718,5,99,0.0396825396825396,0.091581868640148,-0.3873390727910315
lung,All,SOX10 (6663),2.5006784208617625e-12,-0.0634385106870206,-0.1931337798887503,0.1296952692017297,5.200160776182035e-09,8.283983228840341,0.1014683544303797,1,79,0.0079365079365079,0.0730804810360777,-0.9936693827672708
lung,All,SWI5 (375757),0.7424010103463179,-0.176101758118402,-0.1806363663136734,0.0045346081952714,0.8884765366585692,0.0513540367773747,1.1994949494949494,5,36,0.0396825396825396,0.0333024976873265,0.0789984236993542
lung,All,BRD:BRD-A02532772-003-01-7,0.8310785037550162,0.0169216902495089,0.0237537545297093,-0.0068320642802003,0.990909812187488,0.0039658710966608,,0,0,0.0,0.0,
lung,All,BRD:BRD-A10188456-001-04-9,0.2972557781759687,0.0578241783137689,0.0135463561126001,0.0442778222011688,0.8982921971833107,0.0465823727056386,,0,0,0.0,0.0,
lung,All,BRD:BRD-A49035384-003-28-9,0.3108999295354157,0.2842906766387914,0.2138232376186442,0.0704674390201472,0.9035955681098008,0.0440259078426198,inf,1,0,0.008130081300813,0.0,2.0
lung,All,BRD:BRD-A49035384-003-30-5,0.4142651506263378,0.1180966931069701,0.0851113970783298,0.0329852960286403,0.9271893270554076,0.0328315762114363,,0,0,0.0,0.0,
lung,All,BRD:BRD-A55424491-001-19-9,0.6740036506561219,-1.657063540133992,-1.6071824964343184,-0.0498810436996735,0.968778578078664,0.0137754730081577,1.9357867324561404,47,192,0.3821138211382114,0.2421185372005044,0.286857508954116
lung,All,BRD:BRD-K59456551-001-22-6,0.128790254661587,-1.086512835248326,-0.8863107529186268,-0.2002020823296991,0.8059062843811472,0.0937154576272599,2.1655401662049862,28,95,0.2276422764227642,0.1197982345523329,0.3355662433876848
lung,All,BRD:BRD-K66175015-001-09-0,0.583526779362266,-0.0322184520179737,-0.0852718238795033,0.0530533718615296,0.9613147924862984,0.0171343748149975,1.202134337727558,5,27,0.040650406504065,0.0340479192938209,0.07995300250351
lung,All,BRD:BRD-K70401845-003-09-6,0.9830518222733552,-0.0950826490259746,-0.0931244447487693,-0.0019582042772053,0.9993116989676591,0.0002990282627745,1.5577078288942696,5,21,0.040650406504065,0.0264817150063051,0.1924860026317103
lung,All,BRD:BRD-K87909389-003-03-4,0.4726536270795852,-3.77159245024038,-3.6661174903946527,-0.1054749598457274,0.9439170964324658,0.0250661478025575,2.72245779662373,94,431,0.7642276422764228,0.5435056746532156,0.4349611560731767
lung,All,BRD:BRD-K93255255-001-02-1,0.9491970223589392,0.0380365124391799,0.0410565640899997,-0.0030200516508198,0.9993116989676591,0.0002990282627745,,0,0,0.0,0.0,
bone,Type,C1orf74 (148304),0.180266159122341,-0.0489616286193067,-0.0822059019313763,0.0332442733120696,0.4312974768389573,0.3652230825406309,0.0,0,15,0.0,0.0144648023143683,0.0
bone,Type,HNF1B (6928),6.991090149810657e-05,-0.2823303850554662,-0.3859417751978703,0.1036113901424041,0.0044996197546891,2.3468241852063616,0.3178030303030303,3,198,0.0697674418604651,0.1909353905496625,-0.4978419660411308
bone,Type,MAP4K4 (9448),0.2338348899249251,-0.0691060655286113,-0.0327895871580983,-0.0363164783705129,0.4950025919743056,0.305392526971096,3.8424015009380863,2,13,0.0465116279069767,0.0125361620057859,0.5846027432772208
bone,Type,MED1 (5469),0.4758883591937245,-0.5794417212079587,-0.6238637760195769,0.0444220548116182,0.7094321660195351,0.1490891242823289,1.6412795125666413,30,606,0.6976744186046512,0.5843780135004821,0.215182548407271
bone,Type,NRAS (4893),0.6316926376226111,-0.1947681981681866,-0.211400945590445,0.0166327474222583,0.8156672393210996,0.0884869804632067,1.2968960863697705,4,76,0.0930232558139534,0.073288331726133,0.1129051796892171
bone,Type,SOX10 (6663),1.4824345965967118e-06,-0.0652460651164001,-0.2049869104567811,0.139740845340381,0.0002753959180132,3.5600425012522017,0.0,0,78,0.0,0.0752169720347155,0.0
bone,Type,SWI5 (375757),0.5376004459839341,-0.1667536337633962,-0.1832937427656905,0.0165401090022943,0.7551720304988275,0.121954103488806,0.6435006435006435,1,37,0.0232558139534883,0.0356798457087753,-0.1914510144648954
bone,Type,BRD:BRD-A02532772-003-01-7,0.809185991663088,-0.0039315078270199,0.0231244182227147,-0.0270559260497347,0.9712520564596724,0.0126680486459662,,0,0,0.0,0.0,
bone,Type,BRD:BRD-A10188456-001-04-9,0.5825003005356346,0.0661756998106963,0.0197737764211219,0.0464019233895744,0.9085531721068936,0.0416496509900975,,0,0,0.0,0.0,
bone,Type,BRD:BRD-A49035384-003-28-9,0.684097939045628,0.2793989361463631,0.2238838802589274,0.0555150558874357,0.9419693350201516,0.0259632350503343,0.0,0,1,0.0,0.0013003901170351,0.0
bone,Type,BRD:BRD-A49035384-003-30-5,0.2226326193774947,0.197990387585287,0.0863234775147997,0.1116669100704872,0.7405082135089452,0.1304701200437458,,0,0,0.0,0.0,
bone,Type,BRD:BRD-A55424491-001-19-9,0.0411044140776313,-2.1835959520501094,-1.5936179470257403,-0.589978005024369,0.4712008881006845,0.3267938996792248,1.8804938271604936,14,225,0.4375,0.2925877763328999,0.2742719121617494
bone,Type,BRD:BRD-K59456551-001-22-6,0.0680993053044394,-1.4390086225021366,-0.8990261870245811,-0.5399824354775554,0.5632554532581726,0.2492945948842592,1.5762068965517242,7,116,0.21875,0.1508452535760728,0.1976132233903746
bone,Type,BRD:BRD-K66175015-001-09-0,0.4275452707482114,0.052325622229726,-0.0813966063901364,0.1337222286198625,0.8605102290726478,0.0652439627525722,0.0,0,32,0.0,0.0416124837451235,0.0
bone,Type,BRD:BRD-K70401845-003-09-6,0.9188587585561308,-0.0795139650350913,-0.094064896060194,0.0145509310251027,0.9853206486210796,0.0064224159332708,0.0,0,26,0.0,0.0338101430429128,0.0
bone,Type,BRD:BRD-K87909389-003-03-4,0.8199319418402365,-3.626619806551304,-3.6874110642105817,0.0607912576592779,0.9732320442802956,0.0117836000854453,1.1634194831013918,22,503,0.6875,0.6540962288686606,0.0657363323973458
bone,Type,BRD:BRD-K93255255-001-02-1,0.3177382121396949,-0.0597554669826249,0.0442484888260988,-0.1040039558087238,0.7966921936589838,0.0987094382222032,,0,0,0.0,0.0,
bone,All,C1orf74 (148304),0.342108180163942,-0.0489616286193067,-0.0723926773293528,0.023431048710046,0.6027947187713354,0.2198305612985373,0.0,0,16,0.0,0.0137457044673539,0.0
bone,All,HNF1B (6928),0.0003801856747121,-0.2823303850554662,-0.3720054214065401,0.0896750363510739,0.0123318956551484,1.9089701586604944,0.3508536585365853,3,205,0.0697674418604651,0.1761168384879725,-0.4548739904933906
bone,All,MAP4K4 (9448),0.3529977027116678,-0.0691060655286113,-0.0409749091787485,-0.0281311563498627,0.6136071246303846,0.2121096064096325,3.7365853658536583,2,15,0.0465116279069767,0.0128865979381443,0.5724749085768497
bone,All,MED1 (5469),0.1921101919114588,-0.5794417212079587,-0.6610209473149133,0.0815792261069546,0.4490445263609564,0.3477105930855537,1.4491662183969876,30,715,0.6976744186046512,0.6142611683848798,0.1611182016150682
bone,All,NRAS (4893),0.377974668348384,-0.1947681981681866,-0.225596255947196,0.0308280577790094,0.6367611168754516,0.1960234641805708,1.0912820512820514,4,100,0.0930232558139534,0.0859106529209622,0.0379370122604925
bone,All,SOX10 (6663),2.3658735982681188e-05,-0.0652460651164001,-0.1838189756067856,0.1185729104903855,0.0019073805205471,2.7195626569863034,0.0,0,80,0.0,0.0687285223367697,0.0
bone,All,SWI5 (375757),0.6049335509196216,-0.1667536337633962,-0.1805981214029091,0.0138444876395129,0.7998587585274971,0.0969866952676075,0.669047619047619,1,40,0.0232558139534883,0.0343642611683848,-0.1745429704928206
bone,All,BRD:BRD-A02532772-003-01-7,0.809185991663088,-0.0039315078270199,0.0231244182227147,-0.0270559260497347,0.9702573938977668,0.0131130390112769,,0,0,0.0,0.0,
bone,All,BRD:BRD-A10188456-001-04-9,0.5825003005356346,0.0661756998106963,0.0197737764211219,0.0464019233895744,0.9098119353759472,0.0410483701726789,,0,0,0.0,0.0,
bone,All,BRD:BRD-A49035384-003-28-9,0.684097939045628,0.2793989361463631,0.2238838802589274,0.0555150558874357,0.9427660331315676,0.0255960730391726,0.0,0,1,0.0,0.001131221719457,0.0
bone,All,BRD:BRD-A49035384-003-30-5,0.2226326193774947,0.197990387585287,0.0863234775147997,0.1116669100704872,0.7430554162089761,0.1289787958540932,,0,0,0.0,0.0,
bone,All,BRD:BRD-A55424491-001-19-9,0.0411044140776313,-2.1835959520501094,-1.5936179470257403,-0.589978005024369,0.4727927829929165,0.325329161420951,2.278024691358025,14,225,0.4375,0.254524886877828,0.3575584270575793
bone,All,BRD:BRD-K59456551-001-22-6,0.0680993053044394,-1.4390086225021366,-0.8990261870245811,-0.5399824354775554,0.5612047659283491,0.2508786494619343,1.853793103448276,7,116,0.21875,0.1312217194570135,0.2680612621468127
bone,All,BRD:BRD-K66175015-001-09-0,0.4275452707482114,0.052325622229726,-0.0813966063901364,0.1337222286198625,0.8587307396772244,0.0661429905387455,0.0,0,32,0.0,0.0361990950226244,0.0
bone,All,BRD:BRD-K70401845-003-09-6,0.9188587585561308,-0.0795139650350913,-0.094064896060194,0.0145509310251027,0.98517649841349,0.0064859568928985,0.0,0,26,0.0,0.0294117647058823,0.0
bone,All,BRD:BRD-K87909389-003-03-4,0.8199319418402365,-3.626619806551304,-3.687411064210581,0.0607912576592775,0.9727704007065058,0.0119896525094599,1.6664015904572564,22,503,0.6875,0.5690045248868778,0.2217796714418981
bone,All,BRD:BRD-K93255255-001-02-1,0.3177382121396949,-0.0597554669826249,0.0442484888260988,-0.1040039558087238,0.7958105719028138,0.099190295789582,,0,0,0.0,0.0,
melanoma,Lineage,C1orf74 (148304),0.9197727547485453,-0.1124271170262032,-0.106022388227507,-0.0064047287986961,0.9821353286811776,0.007828666540796,inf,3,0,0.0454545454545454,0.0,2.0
melanoma,Lineage,HNF1B (6928),0.962259847851234,-0.2074246691499689,-0.2107719857435691,0.0033473165936001,0.995127854317238,0.0021211173876558,0.21875,2,1,0.0303030303030303,0.125,-0.6600519383056491
melanoma,Lineage,MAP4K4 (9448),0.0276748347587373,0.0744987275447697,-0.0505553967340369,0.1250541242788067,0.336240956439989,0.4733493876468653,,0,0,0.0,0.0,
melanoma,Lineage,MED1 (5469),0.0012644470220034,-0.8505165295602538,-0.1496120679645682,-0.7009044615956856,0.0872692100624309,1.0591389551330832,10.2,51,2,0.7727272727272727,0.25,1.0086001717619175
melanoma,Lineage,NRAS (4893),0.0016482081675403,-0.4167292368354425,-0.098711681513869,-0.3180175553215735,0.0990878332426509,1.0039796682187423,inf,13,0,0.1969696969696969,0.0,2.0
melanoma,Lineage,SOX10 (6663),2.5796594087342992e-20,-1.3018766434028437,-0.1491139951799861,-1.1527626482228577,2.0936515761287571e-16,15.679095591594669,inf,54,0,0.8181818181818182,0.0,2.0
melanoma,Lineage,SWI5 (375757),0.389234112708631,-0.153336015555567,-0.182588763884822,0.0292527483292549,0.7686427288582898,0.1142754767652761,inf,1,0,0.0151515151515151,0.0,2.0
melanoma,Type,C1orf74 (148304),0.1415932343533092,-0.1124271170262032,-0.0788290735796233,-0.0335980434465798,0.3695552316758161,0.4323206451731447,3.976190476190476,3,12,0.0454545454545454,0.0118343195266272,0.5994671807496829
melanoma,Type,HNF1B (6928),4.3635537803686483e-17,-0.2074246691499689,-0.3931674549050085,0.1857427857550395,9.074010086276605e-14,13.042200742326798,0.1279836683417085,2,199,0.0303030303030303,0.1962524654832347,-0.892845445989636
melanoma,Type,MAP4K4 (9448),0.0004787967526329,0.0744987275447697,-0.0413128981446085,0.1158116256893783,0.0089901385742686,2.0462336139868613,0.0,0,15,0.0,0.014792899408284,0.0
melanoma,Type,MED1 (5469),0.0001484410049807,-0.8505165295602538,-0.6072274544312295,-0.2432890751290243,0.0037079047430315,2.4308714315143627,2.493333333333333,51,585,0.7727272727272727,0.5769230769230769,0.3967803431447989
melanoma,Type,NRAS (4893),0.0035351310122389,-0.4167292368354425,-0.1973310487844026,-0.2193981880510399,0.0362579775090054,1.440596424762733,3.466910729372008,13,67,0.1969696969696969,0.0660749506903353,0.5399426590084947
melanoma,Type,SOX10 (6663),3.5286982103646905e-21,-1.3018766434028437,-0.127665826902465,-1.1742108165003786,1.467585585690675e-17,16.833396562441944,185.625,54,24,0.8181818181818182,0.0236686390532544,2.268636466661288
melanoma,Type,SWI5 (375757),0.0683260368824883,-0.153336015555567,-0.18481582113452,0.031479805578953,0.2376980237509568,0.6239744290316943,0.4062370062370062,1,37,0.0151515151515151,0.0364891518737672,-0.3912205169910774
melanoma,Type,BRD:BRD-A02532772-003-01-7,0.4763171548244006,0.0535602465291693,0.0195547324707356,0.0340055140584337,0.8134289439782898,0.0896803782967962,,0,0,0.0,0.0,
melanoma,Type,BRD:BRD-A10188456-001-04-9,0.6686168935779999,0.0003027066283393,0.0232253678779322,-0.0229226612495929,0.9096190557793266,0.0411404501088842,,0,0,0.0,0.0,
melanoma,Type,BRD:BRD-A49035384-003-28-9,0.2631990869342986,0.1176799220611504,0.2352861164872146,-0.1176061944260641,0.6631249722760253,0.1784046169115974,0.0,0,1,0.0,0.0013245033112582,0.0
melanoma,Type,BRD:BRD-A49035384-003-30-5,0.5990509193333273,0.1139870857003285,0.0890537820289452,0.0249333036713833,0.8732865346265078,0.0588432362602711,,0,0,0.0,0.0,
melanoma,Type,BRD:BRD-A55424491-001-19-9,0.4035700507791787,-1.7522461632340305,-1.6045366231209468,-0.1477095401130834,0.7739729452215832,0.1112742201263237,1.882683526519143,20,219,0.4347826086956521,0.2900662251655629,0.2747773225458149
melanoma,Type,BRD:BRD-K59456551-001-22-6,0.8955970177185468,-0.9010263463367708,-0.9231521728092568,0.0221258264724861,0.9803774912246002,0.0086066684003434,1.17162471395881,8,115,0.1739130434782608,0.152317880794702,0.0687885240054089
melanoma,Type,BRD:BRD-K66175015-001-09-0,7.634030955544359e-08,0.4904638774731975,-0.1239993579700702,0.6144632354432676,8.993789939963702e-06,5.04605726008362,0.0,0,32,0.0,0.0423841059602649,0.0
melanoma,Type,BRD:BRD-K70401845-003-09-6,0.0018085127047308,0.2394699670613464,-0.1210539667743537,0.3605239338357001,0.0397404571686806,1.4007671411342746,0.0,0,26,0.0,0.0344370860927152,0.0
melanoma,Type,BRD:BRD-K87909389-003-03-4,0.0027195566961581,-4.1579176281437205,-3.645654343794967,-0.5122632843487533,0.0526949257733469,1.2782312029038545,8.118257261410788,43,482,0.9347826086956522,0.6384105960264901,0.9094628096618306
melanoma,Type,BRD:BRD-K93255255-001-02-1,0.6558785409100664,0.0147606103188767,0.0426715949613145,-0.0279109846424377,0.9038437662413928,0.043906632935188,,0,0,0.0,0.0,
melanoma,All,C1orf74 (148304),0.0595818499897284,-0.1124271170262032,-0.0691938972114526,-0.0432332198147506,0.2236470343928525,0.6504368562901565,4.131868131868132,3,13,0.0454545454545454,0.0113935144609991,0.6161464526065675
melanoma,All,HNF1B (6928),1.0617618161824425e-15,-0.2074246691499689,-0.3781459149085888,0.1707212457586198,1.103966848375695e-12,11.95704396807754,0.1418385922330097,2,206,0.0303030303030303,0.1805433829973707,-0.8482055878165417
melanoma,All,MAP4K4 (9448),0.0002103574388991,0.0744987275447697,-0.0487145233301914,0.1232132508749612,0.004754764067291,2.3228710280043217,0.0,0,17,0.0,0.0148992112182296,0.0
melanoma,All,MED1 (5469),0.0012587959932485,-0.8505165295602538,-0.6469853512143073,-0.2035311783459464,0.017422071666958,1.7589002040910746,2.189913544668588,51,694,0.7727272727272727,0.6082383873794917,0.3404269697193366
melanoma,All,NRAS (4893),0.0066944582295518,-0.4167292368354425,-0.213378566882234,-0.2033506699532085,0.0556288746787332,1.254699725350556,2.830188679245283,13,91,0.1969696969696969,0.0797546012269938,0.4518153894548922
melanoma,All,SOX10 (6663),2.09331840770991e-21,-1.3018766434028437,-0.1146774846114951,-1.1871991587913486,1.741222251533103e-17,16.75914579151677,192.98076923076923,54,26,0.8181818181818182,0.0227870289219982,2.285514033188705
melanoma,All,SWI5 (375757),0.0963665561089127,-0.153336015555567,-0.1818615952132077,0.0285255796576406,0.2972132276214431,0.5269318659909893,0.4234615384615384,1,40,0.0151515151515151,0.0350569675723049,-0.3731860289990662
melanoma,All,BRD:BRD-A02532772-003-01-7,0.4763171548244006,0.0535602465291693,0.0195547324707356,0.0340055140584337,0.8122032850973582,0.0903352582629113,,0,0,0.0,0.0,
melanoma,All,BRD:BRD-A10188456-001-04-9,0.6686168935779999,0.0003027066283393,0.0232253678779322,-0.0229226612495929,0.9090726286332838,0.0414014182580908,,0,0,0.0,0.0,
melanoma,All,BRD:BRD-A49035384-003-28-9,0.2631990869342986,0.1176799220611504,0.2352861164872146,-0.1176061944260641,0.6584826088002534,0.1814556907125583,0.0,0,1,0.0,0.0011494252873563,0.0
melanoma,All,BRD:BRD-A49035384-003-30-5,0.5990509193333271,0.1139870857003285,0.0890537820289452,0.0249333036713833,0.8712295427890578,0.0598674063781623,,0,0,0.0,0.0,
melanoma,All,BRD:BRD-A55424491-001-19-9,0.4035700507791787,-1.7522461632340305,-1.6045366231209468,-0.1477095401130834,0.7705963568027625,0.1131730485597125,2.286617492096944,20,219,0.4347826086956521,0.2517241379310345,0.3591935214212368
melanoma,All,BRD:BRD-K59456551-001-22-6,0.8955970177185468,-0.9010263463367708,-0.9231521728092568,0.0221258264724861,0.9789284852396866,0.0092490340397892,1.3821510297482835,8,115,0.1739130434782608,0.132183908045977,0.1405555016507099
melanoma,All,BRD:BRD-K66175015-001-09-0,7.634030955544359e-08,0.4904638774731975,-0.1239993579700702,0.6144632354432676,9.093871962832666e-06,5.041251164736882,0.0,0,32,0.0,0.0367816091954023,0.0
melanoma,All,BRD:BRD-K70401845-003-09-6,0.0018085127047308,0.2394699670613464,-0.1210539667743537,0.3605239338357001,0.0398694846270204,1.399359378209884,0.0,0,26,0.0,0.0298850574712643,0.0
melanoma,All,BRD:BRD-K87909389-003-03-4,0.0027195566961581,-4.1579176281437205,-3.645654343794967,-0.5122632843487533,0.0518092967687529,1.2855923025502236,11.538035961272476,43,482,0.9347826086956522,0.5540229885057472,1.0621318882152817
melanoma,All,BRD:BRD-K93255255-001-02-1,0.6558785409100664,0.0147606103188767,0.0426715949613145,-0.0279109846424377,0.9035742198611229,0.0440361685570931,,0,0,0.0,0.0,
Ewings_sarcoma,Lineage,C1orf74 (148304),0.2587598250213666,-0.0714769324367151,-0.0176903733173506,-0.0537865591193644,0.6083648260214575,0.2158359036038901,,0,0,0.0,0.0,
Ewings_sarcoma,Lineage,HNF1B (6928),0.5786202213906125,-0.2725803270290511,-0.2958721323143762,0.023291805285325,0.8290607323523755,0.0814136542996455,1.4782608695652173,2,1,0.08,0.0555555555555555,0.1697510810246622
Ewings_sarcoma,Lineage,MAP4K4 (9448),0.4365671125853118,-0.0896271630148082,-0.0406045412422266,-0.0490226217725816,0.7401890961123088,0.1306573168809168,0.7083333333333334,1,1,0.04,0.0555555555555555,-0.149762320333332
Ewings_sarcoma,Lineage,MED1 (5469),0.3098019296981465,-0.6349530903686804,-0.5023425973736229,-0.1326104929950575,0.6475010912340388,0.1887594953293018,3.2,20,10,0.8,0.5555555555555556,0.505149978319906
Ewings_sarcoma,Lineage,NRAS (4893),0.6411289551050529,-0.1824346524636743,-0.211898122757787,0.0294634702941126,0.8592558338596262,0.0658775105675855,2.3181818181818183,3,1,0.12,0.0555555555555555,0.3651474952757301
Ewings_sarcoma,Lineage,SOX10 (6663),0.4287632400231806,-0.0497714897916463,-0.0867385308452247,0.0369670410535784,0.735705757607693,0.133295845170678,,0,0,0.0,0.0,
Ewings_sarcoma,Lineage,SWI5 (375757),0.4614063381377591,-0.1462914774967812,-0.1860790035707548,0.0397875260739736,0.7583363070982684,0.1201381506665274,inf,1,0,0.04,0.0,2.0
Ewings_sarcoma,Lineage,BRD:BRD-A02532772-003-01-7,0.423072233441825,-0.1277996363268535,0.0845457268157182,-0.2123453631425718,0.8550470159654436,0.0680100043209902,,0,0,0.0,0.0,
Ewings_sarcoma,Lineage,BRD:BRD-A10188456-001-04-9,0.5938271412718701,0.1056396937162583,-0.0014768611702671,0.1071165548865255,0.9178232033285024,0.0372409671794387,,0,0,0.0,0.0,
Ewings_sarcoma,Lineage,BRD:BRD-A49035384-003-28-9,0.0411637376531241,0.0782203735893993,0.7104958559112857,-0.6322754823218864,0.5149131976531641,0.2882659767016274,,0,0,0.0,0.0,
Ewings_sarcoma,Lineage,BRD:BRD-A49035384-003-30-5,0.2626448458551235,0.1272855556122,0.3596014320952,-0.232315876483,0.777030408910073,0.109561984849759,,0,0,0.0,0.0,
Ewings_sarcoma,Lineage,BRD:BRD-A55424491-001-19-9,0.0006925486685309,-2.7776642805992857,-0.995459294951757,-1.7822049856475286,0.1195014394716211,0.9226268633282558,16.25,13,1,0.6190476190476191,0.0909090909090909,1.2108533653148932
Ewings_sarcoma,Lineage,BRD:BRD-K59456551-001-22-6,0.0574057245367755,-1.820606290126933,-0.6212993347347142,-1.199306955392219,0.5500911615549343,0.2595653329065464,4.0,6,1,0.2857142857142857,0.0909090909090909,0.6020599913279624
Ewings_sarcoma,Lineage,BRD:BRD-K66175015-001-09-0,0.0389985118483369,-0.1944484038785187,0.6163805390485714,-0.8108289429270901,0.5144179034944846,0.2886839248941865,,0,0,0.0,0.0,
Ewings_sarcoma,Lineage,BRD:BRD-K70401845-003-09-6,0.8343844870967994,-0.0971146793521937,-0.0392837608817142,-0.0578309184704794,0.9780022019379928,0.0096601674123543,,0,0,0.0,0.0,
Ewings_sarcoma,Lineage,BRD:BRD-K87909389-003-03-4,0.3174276622266668,-3.833171863560625,-3.1545008191014285,-0.6786710444591968,0.8099500644366745,0.0915417556992659,2.6666666666666665,16,6,0.7619047619047619,0.5454545454545454,0.4259687322722811
Ewings_sarcoma,Lineage,BRD:BRD-K93255255-001-02-1,0.2105120134200741,-0.1682601659562692,0.1417532596827142,-0.3100134256389835,0.741809915456537,0.129707365939628,,0,0,0.0,0.0,
Ewings_sarcoma,Type,C1orf74 (148304),0.7799032719535514,-0.0714769324367151,-0.0811051630545494,0.0096282306178343,0.9117461877786512,0.0401260438958996,0.0,0,15,0.0,0.0142180094786729,0.0
Ewings_sarcoma,Type,HNF1B (6928),0.0010178136472151,-0.2725803270290511,-0.3844050419543604,0.1118247149253093,0.0237025890379961,1.6252042133357427,0.3740441337120384,2,199,0.08,0.1886255924170616,-0.4270771520861651
Ewings_sarcoma,Type,MAP4K4 (9448),0.1144337858659774,-0.0896271630148082,-0.0329229228675906,-0.0567042401472176,0.3637632893700432,0.439181131628988,3.0982142857142856,1,14,0.04,0.0132701421800947,0.491111452120692
Ewings_sarcoma,Type,MED1 (5469),0.8458529593430328,-0.6349530903686804,-0.6217904288957596,-0.0131626614729207,0.9388223910902528,0.0274165609450085,2.8506493506493507,20,616,0.8,0.5838862559241706,0.4549437994056583
Ewings_sarcoma,Type,NRAS (4893),0.5805387433977394,-0.1824346524636743,-0.2114094282340584,0.028974775770384,0.7983384401973622,0.0978129588365871,1.7319952774498228,3,77,0.12,0.0729857819905213,0.2385467035125757
Ewings_sarcoma,Type,SOX10 (6663),0.0001174907296158,-0.0497714897916463,-0.2029694025581953,0.1531979127665489,0.0059650262352798,2.2243876418826214,0.0,0,78,0.0,0.0739336492890995,0.0
Ewings_sarcoma,Type,SWI5 (375757),0.423757927604859,-0.1462914774967812,-0.1833466833089758,0.0370552058121946,0.6902744719494056,0.160978187594616,1.1463963963963963,1,37,0.04,0.0350710900473933,0.0593348122221389
Ewings_sarcoma,Type,BRD:BRD-A02532772-003-01-7,0.5359856489633108,-0.1277996363268535,0.0240450802358861,-0.1518447165627396,0.8660302469945755,0.0624669395375728,,0,0,0.0,0.0,
Ewings_sarcoma,Type,BRD:BRD-A10188456-001-04-9,0.3339736755022801,0.1056396937162583,0.0194925770579088,0.0861471166583495,0.7771643251432354,0.1094871434158391,,0,0,0.0,0.0,
Ewings_sarcoma,Type,BRD:BRD-A49035384-003-28-9,0.2861366964759581,0.0782203735893993,0.2304980236173089,-0.1522776500279096,0.737924617634779,0.1319880010731194,0.0,0,1,0.0,0.0012820512820512,0.0
Ewings_sarcoma,Type,BRD:BRD-A49035384-003-30-5,0.7188260029020146,0.1272855556122,0.0899192400750682,0.0373663155371318,0.9276117249305078,0.0326337705553542,,0,0,0.0,0.0,
Ewings_sarcoma,Type,BRD:BRD-A55424491-001-19-9,0.0002882185734235,-2.7776642805992857,-1.585849652842961,-1.1918146277563246,0.0250897963275096,1.6005028641615828,3.9834070796460175,13,226,0.6190476190476191,0.2897435897435897,0.600254690895922
Ewings_sarcoma,Type,BRD:BRD-K59456551-001-22-6,0.0084791419660954,-1.820606290126933,-0.8952512589352043,-0.925355031191729,0.1755896049315959,0.7555011983073433,2.2666666666666666,6,117,0.2857142857142857,0.15,0.3553876579865738
Ewings_sarcoma,Type,BRD:BRD-K66175015-001-09-0,0.4684840771693387,-0.1944484038785187,-0.0722153281606798,-0.1222330757178389,0.8371070747315289,0.0772189876568187,0.0,0,32,0.0,0.041025641025641,0.0
Ewings_sarcoma,Type,BRD:BRD-K70401845-003-09-6,0.9837930955398756,-0.0971146793521937,-0.093362573814316,-0.0037521055378776,0.9989927712111338,0.0004376543510686,0.0,0,26,0.0,0.0333333333333333,0.0
Ewings_sarcoma,Type,BRD:BRD-K87909389-003-03-4,0.5849761081214929,-3.833171863560625,-3.680566345466061,-0.1526055180945644,0.8859736066010528,0.0525792156730568,1.7037328094302555,16,509,0.7619047619047619,0.6525641025641026,0.231401486857553
Ewings_sarcoma,Type,BRD:BRD-K93255255-001-02-1,0.055699293312201,-0.1682601659562692,0.0455008436811379,-0.2137610096374071,0.4180150327588006,0.3788080997397946,,0,0,0.0,0.0,
Ewings_sarcoma,All,C1orf74 (148304),0.9980821495643776,-0.0714769324367151,-0.0715596473190177,8.271488230264523e-05,0.9996941381720392,0.0001328544226923,0.0,0,16,0.0,0.0135363790186125,0.0
Ewings_sarcoma,All,HNF1B (6928),0.003045635721721,-0.2725803270290511,-0.3708460312173193,0.0982657041882682,0.0476884235197332,1.321587034202686,0.4119881806669481,2,206,0.08,0.1742808798646362,-0.3851152430560732
Ewings_sarcoma,All,MAP4K4 (9448),0.1717090511444727,-0.0896271630148082,-0.0409692690578878,-0.0486578939569204,0.4488020521068786,0.3479451659750319,3.036458333333333,1,16,0.04,0.0135363790186125,0.4823673260554645
Ewings_sarcoma,All,MED1 (5469),0.7264952711728243,-0.6349530903686804,-0.6586045257422034,0.0236514353735229,0.8838178816143274,0.0536372159352226,2.521379310344828,20,725,0.8,0.6133671742808798,0.4016381848268189
Ewings_sarcoma,All,NRAS (4893),0.4153164310905048,-0.1824346524636743,-0.2253876549341593,0.0429530024704849,0.6890189786348258,0.1617688155337923,1.4594959495949595,3,101,0.12,0.0854483925549915,0.164202894068124
Ewings_sarcoma,All,SOX10 (6663),0.0005807323073125,-0.0497714897916463,-0.1823405931992491,0.1325691034076027,0.018499573327964,1.732838287999563,0.0,0,80,0.0,0.0676818950930626,0.0
Ewings_sarcoma,All,SWI5 (375757),0.4568723150218764,-0.1462914774967812,-0.1806905823954313,0.0343991048986501,0.7193101791769155,0.1430837938225492,1.1895833333333334,1,40,0.04,0.0338409475465313,0.0753948708702608
Ewings_sarcoma,All,BRD:BRD-A02532772-003-01-7,0.5359856489633108,-0.1277996363268535,0.0240450802358861,-0.1518447165627396,0.8664370587339577,0.0622629805984919,,0,0,0.0,0.0,
Ewings_sarcoma,All,BRD:BRD-A10188456-001-04-9,0.3339736755022801,0.1056396937162583,0.0194925770579088,0.0861471166583495,0.7790042104639237,0.1084601949894296,,0,0,0.0,0.0,
Ewings_sarcoma,All,BRD:BRD-A49035384-003-28-9,0.2861366964759581,0.0782203735893993,0.2304980236173089,-0.1522776500279096,0.7373313734617667,0.1323372864665739,0.0,0,1,0.0,0.0011173184357541,0.0
Ewings_sarcoma,All,BRD:BRD-A49035384-003-30-5,0.7188260029020146,0.1272855556122,0.0899192400750682,0.0373663155371318,0.9275614898716608,0.0326572905250116,,0,0,0.0,0.0,
Ewings_sarcoma,All,BRD:BRD-A55424491-001-19-9,0.0002882185734235,-2.7776642805992857,-1.585849652842961,-1.1918146277563246,0.0254156378382565,1.5948989866435843,4.810287610619469,13,226,0.6190476190476191,0.2525139664804469,0.6821710439353154
Ewings_sarcoma,All,BRD:BRD-K59456551-001-22-6,0.0084791419660954,-1.820606290126933,-0.8952512589352044,-0.9253550311917288,0.176123311937467,0.75418315637943,2.65982905982906,6,117,0.2857142857142857,0.1307262569832402,0.4248537265714897
Ewings_sarcoma,All,BRD:BRD-K66175015-001-09-0,0.4684840771693387,-0.1944484038785187,-0.0722153281606798,-0.1222330757178389,0.8377882551237049,0.0768657322664188,0.0,0,32,0.0,0.035754189944134,0.0
Ewings_sarcoma,All,BRD:BRD-K70401845-003-09-6,0.9837930955398756,-0.0971146793521937,-0.093362573814316,-0.0037521055378776,0.9995161989021476,0.0002101629897789,0.0,0,26,0.0,0.0290502793296089,0.0
Ewings_sarcoma,All,BRD:BRD-K87909389-003-03-4,0.5849761081214929,-3.833171863560625,-3.680566345466061,-0.1526055180945649,0.8870003961913661,0.0520761861844115,2.42671905697446,16,509,0.7619047619047619,0.5687150837988827,0.3850195006549021
Ewings_sarcoma,All,BRD:BRD-K93255255-001-02-1,0.055699293312201,-0.1682601659562692,0.0455008436811379,-0.2137610096374071,0.4173169696777333,0.3795339548819777,,0,0,0.0,0.0,
osteosarcoma,Lineage,C1orf74 (148304),0.2774314007675306,-0.0134328079771176,-0.0679949253919079,0.0545621174147902,0.6694113712875587,0.1743069145574266,,0,0,0.0,0.0,
osteosarcoma,Lineage,HNF1B (6928),0.7173923271753053,-0.2929093543444659,-0.2766630800792164,-0.0162462742652494,0.9111668430915146,0.0404020924017292,0.9285714285714286,1,2,0.0666666666666666,0.0714285714285714,-0.0321846833714012
osteosarcoma,Lineage,MAP4K4 (9448),0.9208244708650348,-0.0648289213664243,-0.0713973927583543,0.00656847139193,0.9841434973917104,0.006941572725431,1.9285714285714288,1,1,0.0666666666666666,0.0357142857142857,0.2852357284807493
osteosarcoma,Lineage,MED1 (5469),0.4865646809510883,-0.5135205319823393,-0.6147566440073976,0.1012361120250583,0.801819076263763,0.0959236155617568,0.3116883116883117,8,22,0.5333333333333333,0.7857142857142857,-0.5062794834608758
osteosarcoma,Lineage,NRAS (4893),0.8636462966919316,-0.2018662229988482,-0.1909656848660464,-0.0109005381328018,0.965977031029924,0.0150332001016435,0.5952380952380952,1,3,0.0666666666666666,0.1071428571428571,-0.2253092817258628
osteosarcoma,Lineage,SOX10 (6663),0.5653159324762158,-0.0833119361697066,-0.0555679199092716,-0.027744016260435,0.8427504685949123,0.0743009973259722,,0,0,0.0,0.0,
osteosarcoma,Lineage,SWI5 (375757),0.6054148489226987,-0.1817300529920227,-0.1555213193419263,-0.0262087336500964,0.8666003225812574,0.0621811536408616,0.0,0,1,0.0,0.0357142857142857,0.0
osteosarcoma,Lineage,BRD:BRD-A02532772-003-01-7,0.2613119177149889,0.1379098653801735,-0.1052467744035868,0.2431566397837604,0.8474893267289546,0.0718657625902577,,0,0,0.0,0.0,
osteosarcoma,Lineage,BRD:BRD-A10188456-001-04-9,0.1145796017265409,-0.196896043165374,0.1601298937307214,-0.3570259368960954,0.766575348482671,0.1154451508918501,,0,0,0.0,0.0,
osteosarcoma,Lineage,BRD:BRD-A49035384-003-28-9,0.0407747921251787,0.8110188234592,0.1230401457602347,0.6879786776989653,0.5992658842639914,0.2223804456434551,,0,0,0.0,0.0,
osteosarcoma,Lineage,BRD:BRD-A49035384-003-30-5,0.5382655628429384,0.316355111279,0.1651112976703666,0.1512438136086334,0.9246520860619786,0.0340216462081548,,0,0,0.0,0.0,
osteosarcoma,Lineage,BRD:BRD-A55424491-001-19-9,0.0086927220893682,-0.82327684413446,-2.60869567327375,1.78541882913929,0.3695993966962001,0.4322687463581133,0.0961538461538461,1,13,0.1111111111111111,0.5652173913043478,-1.0170333392987805
osteosarcoma,Lineage,BRD:BRD-K59456551-001-22-6,0.3070720811677385,-0.830773427662,-1.6179013268668825,0.7871278992048822,0.8671416896149131,0.0619099336768895,0.3541666666666667,1,6,0.1111111111111111,0.2608695652173913,-0.4507923159973133
osteosarcoma,Lineage,BRD:BRD-K66175015-001-09-0,0.0031293440885178,0.6624851176146,-0.1171631264882944,0.7796482441028945,0.2813902792894469,0.5506909094736671,,0,0,0.0,0.0,
osteosarcoma,Lineage,BRD:BRD-K70401845-003-09-6,0.0730959134282684,0.2313127979868,-0.1658547325411722,0.3971675305279722,0.6864747609653429,0.1633754254701653,,0,0,0.0,0.0,
osteosarcoma,Lineage,BRD:BRD-K87909389-003-03-4,0.4057122598518409,-3.083504701544,-3.7774851134977774,0.693980411953778,0.8983515997053636,0.0465536545060792,0.2222222222222222,4,18,0.4444444444444444,0.782608695652174,-0.6532125137753437
osteosarcoma,Lineage,BRD:BRD-K93255255-001-02-1,0.9130130706415336,-0.0373029363751999,-0.0672396438517666,0.0299367074765666,0.9927170228501804,0.0031745308891828,,0,0,0.0,0.0,
osteosarcoma,Type,C1orf74 (148304),0.1024104897666212,-0.0134328079771176,-0.0818322800129678,0.0683994720358501,0.3978762733106261,0.40025195851007,0.0,0,15,0.0,0.0140845070422535,0.0
osteosarcoma,Type,HNF1B (6928),0.0322466578313602,-0.2929093543444659,-0.383068720302732,0.090159365958266,0.2543695497741804,0.5945348787018853,0.3089285714285714,1,200,0.0666666666666666,0.1877934272300469,-0.510141923877405
osteosarcoma,Type,MAP4K4 (9448),0.5881434421856889,-0.0648289213664243,-0.0338046280565088,-0.0310242933099154,0.8061088802659704,0.0936062945409219,5.362244897959184,1,14,0.0666666666666666,0.0131455399061032,0.7293466446717662
osteosarcoma,Type,MED1 (5469),0.4099778145263192,-0.5135205319823393,-0.6236243396849844,0.1101038077026451,0.6967326401658138,0.1569338433884186,0.7952684258416742,8,628,0.5333333333333333,0.5896713615023474,-0.0994862597890875
osteosarcoma,Type,NRAS (4893),0.8425216480566294,-0.2018662229988482,-0.2108636805197565,0.0089974575209083,0.9373629348594548,0.0280922233187556,0.891500904159132,1,79,0.0666666666666666,0.0741784037558685,-0.0498782120274682
osteosarcoma,Type,SOX10 (6663),0.0077817823202042,-0.0833119361697066,-0.2010585238508372,0.1177465876811305,0.1570393537909984,0.8039915005042102,0.0,0,78,0.0,0.0732394366197183,0.0
osteosarcoma,Type,SWI5 (375757),0.974620186959844,-0.1817300529920227,-0.1827084440633983,0.0009783910713755,0.9903035405793856,0.004231668237372,0.0,0,38,0.0,0.0356807511737089,0.0
osteosarcoma,Type,BRD:BRD-A02532772-003-01-7,0.4152522377740161,0.1379098653801735,0.0212002247572241,0.1167096406229494,0.9434467544086236,0.0252826052171672,,0,0,0.0,0.0,
osteosarcoma,Type,BRD:BRD-A10188456-001-04-9,0.2765705953202761,-0.196896043165374,0.0234397944105517,-0.2203358375759257,0.9091918910256152,0.0413444463506456,,0,0,0.0,0.0,
osteosarcoma,Type,BRD:BRD-A49035384-003-28-9,0.0672885927506291,0.8110188234592,0.2206184640942078,0.5904003593649921,0.8006340499843562,0.0965659438263939,0.0,0,1,0.0,0.0012626262626262,0.0
osteosarcoma,Type,BRD:BRD-A49035384-003-30-5,0.3400644729799885,0.316355111279,0.0889352284591832,0.2274198828198168,0.9254433334681962,0.0336501687160596,,0,0,0.0,0.0,
osteosarcoma,Type,BRD:BRD-A55424491-001-19-9,0.1340736596641659,-0.82327684413446,-1.6232552529015944,0.7999784087671344,0.8911963719275146,0.0500265901854581,0.2909663865546218,1,238,0.1111111111111111,0.3005050505050505,-0.5361571793200257
osteosarcoma,Type,BRD:BRD-K59456551-001-22-6,0.892801601564436,-0.830773427662,-0.9223040486956652,0.0915306210336651,0.9901143261024284,0.0043146555754196,0.6864754098360656,1,122,0.1111111111111111,0.154040404040404,-0.1633750149658653
osteosarcoma,Type,BRD:BRD-K66175015-001-09-0,0.0039409778919169,0.6624851176146,-0.0825822368906279,0.745067354505228,0.4844510481324882,0.3147501001405609,0.0,0,32,0.0,0.0404040404040404,0.0
osteosarcoma,Type,BRD:BRD-K70401845-003-09-6,0.0570897010454328,0.2313127979868,-0.0963848548692741,0.3276976528560741,0.7865018945316619,0.1043002269076294,0.0,0,26,0.0,0.0328282828282828,0.0
osteosarcoma,Type,BRD:BRD-K87909389-003-03-4,0.447142859616593,-3.083504701544,-3.690327130554412,0.6068224290104114,0.9558294009180336,0.0196196148906762,0.4161228406909789,4,521,0.4444444444444444,0.6578282828282829,-0.3807784454331752
osteosarcoma,Type,BRD:BRD-K93255255-001-02-1,0.757747494326241,-0.0373029363751999,0.041224398427965,-0.078527334803165,0.9787796762513,0.0093150570803114,,0,0,0.0,0.0,
osteosarcoma,All,C1orf74 (148304),0.1548705572078798,-0.0134328079771176,-0.0722893744314933,0.0588565664543756,0.4578977931873051,0.3392314495251208,0.0,0,16,0.0,0.0134228187919463,0.0
osteosarcoma,All,HNF1B (6928),0.0616775440337019,-0.2929093543444659,-0.3697658362075762,0.0768564818631103,0.3198829952933535,0.495008846025774,0.3398895790200138,1,207,0.0666666666666666,0.1736577181208053,-0.468662150637544
osteosarcoma,All,MAP4K4 (9448),0.6852836561681168,-0.0648289213664243,-0.041689531276256,-0.0231393900901682,0.8553745427916172,0.0678436791313985,5.25,1,16,0.0666666666666666,0.0134228187919463,0.7201593034059569
osteosarcoma,All,MED1 (5469),0.277353171186225,-0.5135205319823393,-0.6599342019352066,0.1464136699528673,0.5786628116574299,0.2375744271075578,0.7055630936227951,8,737,0.5333333333333333,0.6182885906040269,-0.1514641442242523
osteosarcoma,All,NRAS (4893),0.6150832594850506,-0.2018662229988482,-0.2247827861566992,0.0229165631578509,0.8194379077446932,0.0864839491654757,0.7552011095700416,1,103,0.0666666666666666,0.0864093959731543,-0.1219373806276352
osteosarcoma,All,SOX10 (6663),0.0225318730383911,-0.0833119361697066,-0.1808063669159044,0.0974944307461977,0.2137182441438085,0.6701584025304355,0.0,0,80,0.0,0.0671140939597315,0.0
osteosarcoma,All,SWI5 (375757),0.9584251664825006,-0.1817300529920227,-0.1801289576599534,-0.0016010953320693,0.9837082153616896,0.0071337016196638,0.0,0,41,0.0,0.0343959731543624,0.0
osteosarcoma,All,BRD:BRD-A02532772-003-01-7,0.4152522377740161,0.1379098653801735,0.0212002247572241,0.1167096406229493,0.9384816333656464,0.0275742223564367,,0,0,0.0,0.0,
osteosarcoma,All,BRD:BRD-A10188456-001-04-9,0.2765705953202761,-0.196896043165374,0.0234397944105517,-0.2203358375759257,0.9043196667256728,0.0436780242206636,,0,0,0.0,0.0,
osteosarcoma,All,BRD:BRD-A49035384-003-28-9,0.0672885927506291,0.8110188234592,0.2206184640942078,0.5904003593649921,0.7937201117288781,0.1003326151558566,0.0,0,1,0.0,0.0011025358324145,0.0
osteosarcoma,All,BRD:BRD-A49035384-003-30-5,0.3400644729799885,0.316355111279,0.0889352284591832,0.2274198828198168,0.9219712513158228,0.0352826208005532,,0,0,0.0,0.0,
osteosarcoma,All,BRD:BRD-A55424491-001-19-9,0.1340736596641659,-0.82327684413446,-1.6232552529015944,0.7999784087671344,0.8911963719275146,0.0500265901854581,0.3513655462184873,1,238,0.1111111111111111,0.2624035281146637,-0.4542408262806324
osteosarcoma,All,BRD:BRD-K59456551-001-22-6,0.892801601564436,-0.830773427662,-0.9223040486956652,0.0915306210336651,0.9909211337345196,0.003960909134176,0.8043032786885246,1,122,0.1111111111111111,0.1345093715545755,-0.0945801609214392
osteosarcoma,All,BRD:BRD-K66175015-001-09-0,0.0039409778919169,0.6624851176146,-0.0825822368906279,0.745067354505228,0.4695448620361039,0.3283229073298348,0.0,0,32,0.0,0.0352811466372657,0.0
osteosarcoma,All,BRD:BRD-K70401845-003-09-6,0.0570897010454328,0.2313127979868,-0.0963848548692741,0.3276976528560741,0.7718885645107673,0.1124453930726593,0.0,0,26,0.0,0.0286659316427783,0.0
osteosarcoma,All,BRD:BRD-K87909389-003-03-4,0.447142859616593,-3.083504701544,-3.690327130554412,0.6068224290104114,0.9524294079986426,0.0211672034242797,0.5927063339731286,4,521,0.4444444444444444,0.5744211686879823,-0.2271604316358259
osteosarcoma,All,BRD:BRD-K93255255-001-02-1,0.757747494326241,-0.0373029363751999,0.041224398427965,-0.078527334803165,0.9804118676983292,0.0085914403364196,,0,0,0.0,0.0,
